category,channel_type,Sum of channel_type_rank,Country,Sum of country_rank,Sum of created_date,created_month,Sum of created_year,Sum of Gross tertiary education enrollment (%),Sum of highest_monthly_earnings,Sum of highest_yearly_earnings,Sum of lowest_monthly_earnings,Sum of lowest_yearly_earnings,Sum of Population,Sum of rank,Sum of subscribers,Sum of subscribers_for_last_30_days,Sum of uploads,Sum of Urban_population,Sum of video views,Sum of video_views_for_the_last_30_days,Sum of video_views_rank
Autos & Vehicles,Autos,1,United Arab Emirates,7,12,Sep,2007,36.8,1400000,17000000,88300,1100000,9770529,787,14100000,500000,855,8479744,5405563355,353259000,1202
Autos & Vehicles,Entertainment,90,Brazil,15,2,Mar,2013,51.3,772700,9300000,48300,579500,212559417,334,21600000,300000,2942,183241641,9597894786,193174000,481
Comedy,Comedy,28,Argentina,13,2,Aug,2016,90,2000000,24600000,128100,1500000,44938712,673,15100000,700000,921,41339571,9477021288,512343000,491
Comedy,Comedy,18,Brazil,18,8,Apr,2011,51.3,95600,1100000,6000,71700,212559417,363,20800000,0,288,183241641,1870608170,23897000,5407
Comedy,Comedy,1,Brazil,4,21,Jan,2013,51.3,106700,1300000,6700,80100,212559417,60,44200000,0,558,183241641,4274709210,26683000,1741
Comedy,Comedy,14,Brazil,13,18,May,2020,51.3,3000000,36500000,190400,2300000,212559417,264,24000000,1100000,901,183241641,13943030228,761451000,252
Comedy,Comedy,31,Canada,8,29,Oct,2010,68.9,21300,255800,1300,16000,36991981,752,14500000,0,1064,30628482,3517662420,5329000,2297
Comedy,Comedy,11,Colombia,5,13,Nov,2011,55.3,97500,1200000,6100,73100,50339443,207,26700000,0,975,40827302,10317306313,24363000,420
Comedy,Comedy,32,France,2,25,Feb,2007,65.6,45700,548000,2900,34300,67059887,758,14400000,0,222,54123364,3086254545,11417000,2767
Comedy,Comedy,80,India,238,16,Aug,4038,56.2,1596000,19400000,100800,1172000,2732835508,1820,26000000,700000,1102,942063056,11726204178,403240000,5055
Comedy,Comedy,42,India,123,20,Feb,2018,28.1,52600,630800,3300,39400,1366417754,969,12500000,0,117,471031528,4465772496,13142000,1621
Comedy,Comedy,8,India,42,6,Jul,2009,28.1,104700,1300000,6500,78500,1366417754,172,29800000,100000,151,471031528,4457913639,26171000,1622
Comedy,Comedy,33,India,110,4,Jun,2018,28.1,1500000,17700000,92000,1100000,1366417754,780,14200000,400000,872,471031528,10238593147,367898000,422
Comedy,Comedy,31,India,126,34,Mar,4032,56.2,592700,7100000,37100,444600,2732835508,748,52400000,300000,326,942063056,20905947592,148190000,1771
Comedy,Comedy,27,India,100,6,May,2015,28.1,111900,1300000,7000,83900,1366417754,639,15400000,100000,165,471031528,1781226000,27963000,5724
Comedy,Comedy,4,India,35,11,Nov,2013,28.1,98900,1200000,6200,74200,1366417754,127,33500000,100000,217,471031528,11405809704,24736000,357
Comedy,Comedy,2,India,21,30,Oct,2014,28.1,314800,3800000,19700,236100,1366417754,79,39200000,700000,186,471031528,3294013141,78688000,2487
Comedy,Comedy,40,Iraq,2,30,Jan,2016,16.2,141300,1700000,8800,106000,39309783,924,12800000,0,1727,27783368,5863456698,35336000,1087
Comedy,Comedy,29,Japan,5,23,Jul,2014,63.2,1100000,13600000,70600,847100,126226568,691,15000000,900000,1788,115782416,13562853889,282372000,277
Comedy,Comedy,19,Latvia,1,20,Mar,2020,88.1,5000000,59800000,311200,3700000,1912789,389,20200000,1200000,1935,1304943,20919403720,1245000000,108
Comedy,Comedy,25,Mexico,17,5,Jan,2011,40.2,109800,1300000,6900,82300,126014024,507,17600000,100000,233,102626859,2274007523,27445000,4139
Comedy,Comedy,41,Mexico,32,19,Oct,2007,40.2,309900,3700000,19400,232400,126014024,933,12700000,100000,2483,102626859,4266957149,77482000,1740
Comedy,Comedy,9,Spain,3,28,Feb,2006,88.9,48600,582900,3000,36400,47076781,178,29200000,0,404,37927409,4079141673,12143000,1852
Comedy,Comedy,23,United States,115,30,Aug,2014,88.2,123900,1500000,7700,93000,328239523,431,19100000,0,139,270663028,4566120190,30986000,1568
Comedy,Comedy,33,United States,175,19,Feb,4030,176.4,4215100,50380900,262442,3111300,656479046,622,46100000,1300000,1115,541326056,28809775906,1049769000,5726
Comedy,Comedy,44,United States,211,22,Jan,4013,176.4,69900,838500,4400,52400,656479046,1024,44500000,200000,15892,541326056,24518354896,39979000,930
Comedy,Comedy,16,United States,91,9,Jul,2014,88.2,2700000,33000000,171800,2100000,328239523,324,21900000,1900000,816,270663028,15552070846,687028000,204
Comedy,Comedy,20,United States,106,21,Jun,2021,88.2,1800000,21700000,113100,1400000,328239523,390,20200000,600000,761,270663028,19694265358,452250000,126
Comedy,Comedy,43,United States,176,24,Mar,2019,88.2,3600000,43400000,225900,2700000,328239523,971,12400000,1200000,398,270663028,7597013023,903672000,720
Comedy,Comedy,13,United States,65,19,Nov,2005,88.2,272600,3300000,17000,204500,328239523,217,26100000,400000,1619,270663028,10435474336,68156000,410
Comedy,Comedy,69,United States,325,13,Oct,4021,176.4,915800,11000000,57200,686900,656479046,1649,27500000,200000,5021,541326056,16758831675,284534000,1290
Comedy,Comedy,36,Vietnam,3,26,Feb,2014,28.5,140500,1700000,8800,105400,96462106,828,13700000,0,863,35332140,5457203710,35124000,1205
Comedy,Entertainment,169,Argentina,12,32,Jan,4031,180,2372700,28600000,148700,1779500,89877424,629,44700000,800000,885,82679142,18656172459,594688000,1087
Comedy,Entertainment,159,Brazil,47,6,Feb,2015,51.3,351200,4200000,22000,263400,212559417,822,13700000,200000,696,183241641,1967930734,87804000,5035
Comedy,Entertainment,166,Brazil,51,26,Mar,2009,51.3,12200,146500,763,9200,212559417,902,13000000,0,625,183241641,1024467771,3052000,11340
Comedy,Entertainment,81,India,62,29,Jun,2020,28.1,1600000,19200000,99800,1200000,1366417754,307,22600000,1400000,495,471031528,9223534599,399152000,508
Comedy,Entertainment,128,India,89,14,Mar,2013,28.1,30500,366100,1900,22900,1366417754,534,17000000,100000,1407,471031528,1001465469,7626000,11662
Comedy,Entertainment,45,India,41,20,Oct,2016,28.1,127300,1500000,8000,95500,1366417754,157,30700000,300000,67,471031528,3145161634,31822000,2687
Comedy,Entertainment,126,Russia,6,4,Jun,2012,81.9,148700,1800000,9300,111500,144373535,530,17100000,100000,498,107683889,4448334716,37164000,1624
Comedy,Entertainment,162,Thailand,15,8,Dec,2014,49.3,166700,2000000,10400,125000,69625582,856,13400000,0,1195,35294600,3363634923,41672000,2436
Comedy,Entertainment,134,Thailand,9,24,Jan,2011,49.3,37400,448400,2300,28000,69625582,567,16400000,0,428,35294600,4434679706,9341000,1636
Comedy,Entertainment,102,United Arab Emirates,5,24,Apr,2014,36.8,62200,746700,3900,46700,9770529,386,20200000,100000,693,8479744,2764127969,15556000,3238
Comedy,Entertainment,160,United Kingdom,29,30,Mar,2013,60,2000000,23800000,123900,1500000,66834405,846,13500000,400000,975,55908316,11717217293,495561000,333
Comedy,Entertainment,53,United States,60,1,Aug,2009,88.2,577800,6900000,36100,433400,328239523,204,27000000,300000,554,270663028,6570935979,144453000,909
Comedy,Entertainment,152,United States,157,14,Dec,2010,88.2,34500,414500,2200,25900,328239523,759,14400000,0,463,270663028,3900312631,8636000,1986
Comedy,Entertainment,133,United States,137,5,Jul,2011,88.2,451900,5400000,28200,339000,328239523,563,16500000,100000,438,270663028,3037260680,112986000,2766
Comedy,Entertainment,149,United States,154,26,Mar,2006,88.2,145400,1700000,9100,109000,328239523,720,14700000,100000,698,270663028,6751985988,36338000,885
Comedy,Entertainment,248,United States,257,21,Sep,4028,176.4,81200,974800,5040,60900,656479046,1020,35000000,0,327,541326056,7418023281,20309000,5707
Comedy,Film,38,India,106,28,Oct,2019,28.1,556500,6700000,34800,417300,1366417754,735,14600000,500000,560,471031528,5525773746,139116000,1185
Comedy,Games,15,Brazil,10,7,Nov,2012,51.3,1200000,14500000,75800,909300,212559417,177,29200000,1000000,3654,183241641,11627437847,303100000,338
Comedy,Games,33,Spain,7,26,Jan,2011,88.9,44000,528200,2800,33000,47076781,462,18400000,0,6943,37927409,7038827526,11004000,825
Comedy,Games,18,United States,69,30,Jul,2016,88.2,3300000,39100000,203800,2400000,328239523,232,25400000,600000,8775,270663028,34300482066,815341000,29
Comedy,People,38,Brazil,31,16,Jan,2012,51.3,132100,1600000,8300,99000,212559417,584,16200000,100000,1930,183241641,2990185467,33015000,2898
Comedy,People,24,India,79,17,Jul,2014,28.1,436100,5200000,27300,327100,1366417754,449,18800000,700000,304,471031528,3276891538,109026000,2508
Comedy,People,34,India,90,8,May,2017,28.1,359100,4300000,22400,269300,1366417754,541,16900000,0,441,471031528,9270331567,89782000,510
Comedy,People,57,United States,170,24,Aug,2012,88.2,0,0,0,0,328239523,911,13000000,0,612,270663028,4637474071,42412000,1557
Education,Education,28,Argentina,11,3,Mar,2015,90,334800,4000000,20900,251100,44938712,528,17200000,100000,1007,41339571,11445492404,83709000,353
Education,Education,8,Canada,2,8,Sep,2006,68.9,2200000,26900000,140200,1700000,36991981,81,39200000,400000,744,30628482,44900897958,560756000,19
Education,Education,21,Germany,2,9,Jul,2013,70.2,117100,1400000,7300,87800,83132799,364,20800000,100000,193,64324835,2378448129,29269000,3914
Education,Education,45,India,120,23,Apr,2020,28.1,855000,10300000,53400,641200,1366417754,929,12800000,300000,2044,471031528,7876740921,213738000,670
Education,Education,9,India,35,26,Aug,2008,28.1,544300,6500000,34000,408300,1366417754,129,33400000,200000,338,471031528,20269857567,136084000,120
Education,Education,51,India,164,19,Dec,4029,56.2,210600,2600000,13100,158000,2732835508,971,36700000,300000,1529,942063056,3042438250,52644000,14148
Education,Education,3,India,7,9,Feb,2013,28.1,1700000,20200000,105100,1300000,1366417754,25,65900000,500000,633,471031528,45757850229,420292000,18
Education,Education,30,India,94,26,Jul,2014,28.1,57100,685800,3600,42900,1366417754,603,16000000,0,52144,471031528,3018032423,14287000,2855
Education,Education,72,India,220,41,Jun,6045,84.3,4269500,50900000,264600,3127100,4099253262,1392,83500000,2100000,44500,1413094584,42322132590,1058320000,2603
Education,Education,64,India,199,39,Mar,6042,84.3,2206100,25900000,134900,1618900,4099253262,1142,71400000,1300000,1493,1413094584,39298762968,539626000,1284
Education,Education,23,India,71,25,May,2017,28.1,453700,5400000,28400,340300,1366417754,388,20200000,300000,226,471031528,7274150246,113420000,780
Education,Education,39,India,113,20,Oct,2011,28.1,95600,1100000,6000,71700,1366417754,830,13700000,100000,495,471031528,5178142148,23893000,1289
Education,Education,22,Indonesia,10,14,Jan,2019,36.3,451100,5400000,28200,338300,270203917,384,20300000,100000,875,151509724,11819051552,112768000,332
Education,Education,24,Mexico,16,26,Jan,2018,40.2,561600,6700000,35100,421200,126014024,442,18900000,0,719,102626859,9813245108,140398000,459
Education,Education,17,Mexico,12,19,Mar,2018,40.2,547300,6600000,34200,410500,126014024,302,22900000,200000,1251,102626859,13206471140,136821000,278
Education,Education,46,Spain,19,6,Jun,2014,88.9,65300,783300,4100,49000,47076781,955,12500000,0,1459,37927409,6956320454,16319000,843
Education,Education,47,United States,205,32,Dec,6040,264.6,2638300,31600000,164500,1953800,984718569,840,113600000,600000,5065,811989084,72150569563,657965000,508
Education,Education,42,United States,168,26,Feb,2011,88.2,207300,2500000,13000,155500,328239523,882,13200000,100000,4279,270663028,5263540904,51820000,1252
Education,Education,62,United States,277,55,Jan,4026,176.4,1039200,12500000,65000,779400,656479046,1197,32800000,400000,2703,541326056,23739609955,259814000,776
Education,Education,48,United States,200,36,Jul,4026,176.4,686600,8200000,42900,514900,656479046,943,46700000,400000,2491,541326056,28520973801,171647000,4530
Education,Education,7,United States,22,22,Jun,2011,88.2,395100,4700000,24700,296300,328239523,73,40900000,100000,2423,270663028,39450824833,98775000,22
Education,Education,25,United States,117,1,Mar,2011,88.2,119500,1400000,7500,89600,328239523,443,18800000,100000,2072,270663028,3654621568,29874000,2163
Education,Education,35,United States,153,20,May,2006,88.2,28700,344500,1800,21500,328239523,705,14800000,0,1481,270663028,1833519700,7177000,5533
Education,Education,5,United States,15,25,Oct,2013,88.2,1100000,12800000,66700,800200,328239523,44,52200000,600000,847,270663028,9877365274,266747000,450
Education,Education,1,United States,2,1,Sep,2006,88.2,7900000,94800000,493800,5900000,328239523,4,162000000,1000000,966,270663028,164000000000,1975000000,2
Education,Entertainment,144,Indonesia,24,16,Jan,2017,36.3,68900,827100,4300,51700,270203917,663,15100000,100000,3810,151509724,2143140898,17231000,4520
Education,Entertainment,167,Indonesia,32,26,Oct,2016,36.3,3400,40200,209,2500,270203917,922,12900000,0,2337,151509724,2848466522,837700,3109
Education,Entertainment,111,United States,116,20,Feb,2018,88.2,86300,1000000,5400,64800,328239523,434,19000000,100000,60,270663028,4924054368,21587000,1399
Education,Film,42,India,114,25,Dec,2016,28.1,43100,516700,2700,32300,1366417754,836,13600000,100000,1097,471031528,5141201173,10764000,1303
Education,Film,7,United States,36,6,Jan,2016,88.2,1300000,16100000,83800,1000000,328239523,113,34900000,300000,617,270663028,25607397308,335307000,69
Education,Games,68,United States,175,6,Apr,2016,88.2,710400,8500000,44400,532800,328239523,989,12400000,400000,1340,270663028,4779139505,177600000,1442
Education,People,7408,Australia,3450,11,Sep,2014,113.1,0.1,1,0.01,0.08,25766605,527,17200000,0,83,21844756,8903647480,25,4031958
Entertainment,Autos,3271,Japan,3508,19,Nov,2012,63.2,10,119,0.62,7,126226568,703,14900000,9,93,115782416,8615618825,2477,3468229
Entertainment,Comedy,15,Germany,1,10,Jul,2019,70.2,3000000,36300000,189200,2300000,83132799,295,23000000,800000,2905,64324835,31494513067,756717000,34
Entertainment,Comedy,24,India,81,31,Jan,2007,28.1,409700,4900000,25600,307300,1366417754,452,18600000,200000,4487,471031528,6047584292,102431000,1033
Entertainment,Comedy,37,United States,164,23,Jul,2013,88.2,226500,2700000,14200,169900,328239523,838,13600000,0,8335,270663028,14717282742,56626000,232
Entertainment,Comedy,29,United States,151,26,May,2008,88.2,1300000,15000000,78200,938600,328239523,689,15000000,200000,1803,270663028,10239836582,312858000,423
Entertainment,Comedy,23,United States,115,20,Sep,2006,88.2,69000,827600,4300,51700,328239523,430,19100000,0,6526,270663028,13124645973,17243000,283
Entertainment,Education,34,Brazil,36,26,Jan,2018,51.3,581900,7000000,36400,436400,212559417,679,15000000,0,795,183241641,8897705695,145478000,548
Entertainment,Education,36,United States,154,15,Aug,2010,88.2,75900,911000,4700,56900,328239523,718,14700000,0,317,270663028,2465473772,18978000,3746
Entertainment,Entertainment,80,Argentina,5,9,Mar,2006,90,142200,1700000,8900,106600,44938712,297,23000000,100000,1598,41339571,6041264489,35539000,1040
Entertainment,Entertainment,94,Brazil,16,26,Aug,2015,51.3,473600,5700000,29600,355200,212559417,354,21000000,400000,2883,183241641,7762905663,118410000,695
Entertainment,Entertainment,490,Brazil,148,66,Jan,6041,153.9,288491,3464100,18037,216343,637678251,2618,39800000,100000,3780,549724923,7314965574,72102626,99935
Entertainment,Entertainment,123,Brazil,27,12,Mar,2012,51.3,141300,1700000,8800,106000,212559417,502,17700000,0,2240,183241641,7739048000,35337000,705
Entertainment,Entertainment,325,Brazil,90,38,May,6027,153.9,774900,9343600,48500,581300,637678251,1642,73300000,300000,8238,549724923,25097433315,193735000,3708
Entertainment,Entertainment,165,Brazil,50,18,Oct,2011,51.3,70400,844200,4400,52800,212559417,898,13100000,0,36760,183241641,5333569294,17588000,1240
Entertainment,Entertainment,165,Brazil,31,56,Sep,6037,153.9,733000,8800000,45800,549800,637678251,619,92500000,400000,11776,549724923,19595228056,183274000,3378
Entertainment,Entertainment,168,Canada,13,9,Apr,2010,68.9,72500,869600,4500,54400,36991981,927,12800000,0,3483,30628482,6970899521,18118000,842
Entertainment,Entertainment,172,Canada,14,24,Nov,2015,68.9,38400,460600,2400,28800,36991981,979,12400000,0,813,30628482,4021409291,9595000,1900
Entertainment,Entertainment,103,Colombia,7,20,Jul,2009,55.3,1100000,12700000,66000,791600,50339443,385,20200000,1600000,460,40827302,2951914200,263864000,2959
Entertainment,Entertainment,150,Ecuador,1,29,Dec,2014,44.9,65600,787600,4100,49200,17373662,726,14600000,100000,490,11116711,2613197447,16409000,3458
Entertainment,Entertainment,131,Germany,4,6,May,2021,70.2,2500000,29600000,154300,1900000,83132799,560,16600000,900000,2200,64324835,15278668857,617257000,213
Entertainment,Entertainment,287,India,203,16,Apr,4034,56.2,1079400,13000000,67500,809600,2732835508,1329,30500000,400000,4693,942063056,21646179950,269854000,844
Entertainment,Entertainment,558,India,399,51,Aug,8054,112.4,5620100,68200000,355800,4235900,5465671016,2799,63600000,1300000,139609,1884126112,47510436534,1422925000,1326
Entertainment,Entertainment,8,India,6,11,Dec,2005,28.1,6800000,81900000,426800,5100000,1366417754,22,70500000,900000,129204,471031528,73139054467,1707000000,9
Entertainment,Entertainment,497,India,354,42,Feb,8054,112.4,5384100,65000000,338400,4038100,5465671016,2275,70300000,1300000,285983,1884126112,69398325448,1353553000,973
Entertainment,Entertainment,171,India,123,18,Jan,2017,28.1,942900,11300000,58900,707100,1366417754,963,12500000,400000,1699,471031528,10384848759,235715000,413
Entertainment,Entertainment,124,India,86,24,Jul,2016,28.1,84200,1000000,5300,63200,1366417754,512,17500000,0,709,471031528,2238134438,21056000,4243
Entertainment,Entertainment,57,India,51,20,Jun,2015,28.1,69100,828600,4300,51800,1366417754,214,26300000,0,190,471031528,4749833967,17264000,1462
Entertainment,Entertainment,1217,India,995,65,Mar,8055,112.4,1620400,19372600,100800,1209000,5465671016,1822,85100000,840000,129699,1884126112,54084836111,462834000,10071
Entertainment,Entertainment,184,India,140,21,May,4020,56.2,7543600,90100000,469500,5632700,2732835508,796,47200000,1500000,55991,942063056,33952358042,1877909000,854
Entertainment,Entertainment,161,India,123,51,Nov,4029,56.2,2336000,27900000,145400,1702000,2732835508,777,60200000,800000,28150,942063056,33751056758,581591000,415
Entertainment,Entertainment,439,India,311,64,Oct,6047,84.3,2660000,32500000,169200,2045000,4099253262,2102,44700000,700000,94457,1413094584,33216496876,676479000,1399
Entertainment,Entertainment,318,India,243,83,Sep,8050,112.4,3686600,44500000,231600,2789800,5465671016,1322,108600000,1700000,32591,1884126112,56890400891,926332000,1476
Entertainment,Entertainment,172,Indonesia,34,28,Apr,2012,36.3,3200,38700,202,2400,270203917,977,12400000,0,409,151509724,1113066203,806075,10271
Entertainment,Entertainment,366,Indonesia,62,52,Jan,6046,108.9,790000,9500000,49400,592500,810611751,1851,57500000,700000,5080,454529172,10379436463,2489502000,775301
Entertainment,Entertainment,6217,Indonesia,4044,23,Jul,2007,36.3,0.34,4,0.02,0.26,270203917,370,20600000,1,15,151509724,4956090094,85,3539124
Entertainment,Entertainment,119,Indonesia,15,4,Mar,2015,36.3,109200,1300000,6800,81900,270203917,473,18100000,0,1037,151509724,3306242674,27312000,2498
Entertainment,Entertainment,276,Indonesia,45,51,Nov,4031,72.6,345600,4200000,21600,259200,540407834,1242,31700000,200000,66864,303019448,15269575778,86417000,1434
Entertainment,Entertainment,224,Indonesia,26,13,Sep,6045,108.9,2876000,34400000,179100,2107000,810611751,890,76100000,5700000,239688,454529172,27843486062,716141000,2605
Entertainment,Entertainment,55,Italy,1,5,Dec,2020,61.9,4900000,58800000,306400,3700000,60297396,213,26400000,2000000,967,42651966,17211600007,1225000000,158
Entertainment,Entertainment,166,Italy,2,18,May,2011,61.9,119500,1400000,7500,89600,60297396,901,13000000,100000,838,42651966,2683297849,29870000,3340
Entertainment,Entertainment,88,Japan,3,13,Feb,2021,63.2,2800000,34100000,177800,2100000,126226568,321,22000000,800000,6274,115782416,18347969186,711254000,144
Entertainment,Entertainment,56,Japan,2,14,Sep,2020,63.2,2900000,34600000,180500,2200000,126226568,216,26200000,1100000,5985,115782416,16097531087,721848000,184
Entertainment,Entertainment,70,Mexico,10,9,Jul,2021,40.2,134400,1600000,8400,100800,126014024,255,24200000,100000,67,102626859,2700914170,33590000,3309
Entertainment,Entertainment,165,Mexico,31,18,Mar,2017,40.2,1500000,17700000,92100,1100000,126014024,909,13000000,600000,1299,102626859,6270909026,368437000,969
Entertainment,Entertainment,146,Mexico,26,17,Nov,2014,40.2,135500,1600000,8500,101600,126014024,682,15000000,100000,724,102626859,4008801873,33880000,1907
Entertainment,Entertainment,140,Mexico,24,22,Sep,2010,40.2,0,0,0,0,126014024,624,15600000,0,483,102626859,1511794214,62551000,7440
Entertainment,Entertainment,15,Pakistan,1,2,Jan,2008,9,5300000,64200000,334300,4000000,216565318,57,44600000,1300000,100755,79927762,41139050371,1337000000,20
Entertainment,Entertainment,18,Pakistan,2,11,Jul,2016,9,4600000,55200000,287300,3400000,216565318,66,43200000,900000,109871,79927762,37939780685,1149000000,24
Entertainment,Entertainment,49,Pakistan,3,25,May,2011,9,2700000,32900000,171200,2100000,216565318,186,28300000,700000,106983,79927762,23844936965,684860000,80
Entertainment,Entertainment,152,Peru,1,20,May,2014,70.7,4000,48100,251,3000,32510453,755,14400000,0,399,25390339,1629801448,1002000,6402
Entertainment,Entertainment,144,Philippines,6,11,Apr,2013,35.5,39900,479000,2500,29900,108116615,654,15200000,0,443,50975903,1491452935,9980000,7153
Entertainment,Entertainment,41,Philippines,2,20,Nov,2006,35.5,3200000,38300000,199600,2400000,108116615,142,31900000,500000,93311,50975903,19428308461,798510000,129
Entertainment,Entertainment,306,Russia,22,34,Jan,4039,163.8,2935100,34620900,180600,2126300,288747070,1551,28300000,900000,2909,215367778,15046354103,722278000,10111
Entertainment,Entertainment,152,Saudi Arabia,6,1,Dec,2017,68,18700,224300,1200,14000,34268528,757,14400000,0,381,28807838,2972474215,4673000,2934
Entertainment,Entertainment,149,Saudi Arabia,5,27,May,2016,68,10800,129300,673,8100,34268528,715,14700000,0,1385,28807838,2230986039,2694000,4276
Entertainment,Entertainment,136,Singapore,1,22,Oct,2005,84.8,468800,5600000,29300,351600,5703569,588,16200000,200000,31889,5703569,20522339099,117209000,116
Entertainment,Entertainment,167,South Korea,16,8,Aug,2016,94.3,16000,192100,1000,12000,51709098,915,12900000,0,193,42106719,3178222797,4001000,2649
Entertainment,Entertainment,111,South Korea,8,6,Jan,2007,94.3,432000,5200000,27000,324000,51709098,439,19000000,0,64496,42106719,15126092508,107989000,217
Entertainment,Entertainment,250,South Korea,21,17,Mar,4023,188.6,639700,7665700,39942,479700,103418196,1126,34900000,400000,33593,84213438,15638748151,159910000,21352
Entertainment,Entertainment,2275,Spain,1549,19,Feb,2010,88.9,906,10900,57,679,47076781,717,14700000,600,554,37927409,1506796393,226420,325721
Entertainment,Entertainment,29,Thailand,2,10,Jan,2013,49.3,563000,6800000,35200,422300,69625582,94,37500000,300000,117152,35294600,27262462114,140754000,56
Entertainment,Entertainment,151,Thailand,13,8,Jun,2011,49.3,182500,2200000,11400,136900,69625582,747,14500000,100000,68606,35294600,9383692066,45622000,502
Entertainment,Entertainment,171,Thailand,12,46,May,4024,98.6,351000,4200000,21900,263300,139251164,695,49900000,200000,152417,70589200,39075158930,149064000,537
Entertainment,Entertainment,24,Thailand,1,5,Nov,2012,49.3,521800,6300000,32600,391400,69625582,83,39000000,200000,72580,35294600,36131228583,130461000,27
Entertainment,Entertainment,302,Thailand,26,20,Oct,4017,98.6,248200,3000100,15500,186200,139251164,1491,29000000,200000,29484,70589200,10176839948,62058000,2712
Entertainment,Entertainment,134,Thailand,9,13,Sep,2010,49.3,725500,8700000,45300,544100,69625582,572,16400000,200000,23952,35294600,12844432341,181382000,294
Entertainment,Entertainment,107,Turkey,3,17,Apr,2020,23.9,443200,5300000,27700,332400,83429615,417,19600000,100000,1306,63097818,8779729549,110806000,562
Entertainment,Entertainment,144,Turkey,5,29,Dec,2014,23.9,17700,212500,1100,13300,83429615,658,15200000,0,654,63097818,8333387785,4427000,615
Entertainment,Entertainment,4686,Ukraine,2460,3,Aug,2016,82.7,0.42,5,0.03,0.32,44385155,773,14200000,10,60,30835699,6973932553,105,3739171
Entertainment,Entertainment,100,Ukraine,1,11,Dec,2012,82.7,116000,1400000,7200,87000,44385155,380,20400000,0,462,30835699,4707412332,28990000,1489
Entertainment,Entertainment,113,Ukraine,2,20,Oct,2014,82.7,272000,3300000,17000,204000,44385155,448,18800000,100000,530,30835699,9594188708,68006000,483
Entertainment,Entertainment,163,Ukraine,5,8,Sep,2014,82.7,0,0,0,0,44385155,869,13300000,0,2411,30835699,7923901253,379346000,669
Entertainment,Entertainment,210,United Kingdom,33,41,Apr,4014,120,373700,4500000,23300,280300,133668810,816,39700000,300000,5752,111816632,15198789731,93420000,2365
Entertainment,Entertainment,101,United Kingdom,15,31,Jan,2013,60,345800,4100000,21600,259400,66834405,382,20300000,100000,1245,55908316,2441288701,86457000,3750
Entertainment,Entertainment,113,United Kingdom,19,14,Jun,2015,60,312600,3800000,19500,234500,66834405,444,18800000,100000,312,55908316,5257834105,78158000,1263
Entertainment,Entertainment,171,United Kingdom,33,15,Nov,2006,60,33900,407200,2100,25400,66834405,949,12500000,0,385,55908316,1612094871,8482000,6487
Entertainment,Entertainment,66,United Kingdom,9,30,Oct,2015,60,1300000,15900000,83000,995700,66834405,243,24800000,500000,1644,55908316,17387583720,331889000,157
Entertainment,Entertainment,529,United States,541,126,Apr,12083,529.2,5517100,65975700,343300,4077300,1969437138,2497,211800000,1800000,7961,1623978168,146491547743,1373030000,2646
Entertainment,Entertainment,7137,United States,8127,111,Aug,12070,529.2,589800.02,7058800.1899999995,36800,442400.01,1969437138,2435,124600000,600000,4905,1623978168,43215369375,147450004,4018740
Entertainment,Entertainment,402,United States,424,57,Dec,8044,352.8,1853500,22300000,115900,1390200,1312958092,1620,81800000,900000,5476,1082652112,26883065697,463381000,4803
Entertainment,Entertainment,457,United States,471,78,Feb,10068,441,7615900,91030100,474200,5645800,1641197615,2112,244900000,8600000,1884,1353315140,66842826532,1896617000,3034
Entertainment,Entertainment,644,United States,664,62,Jan,12068,529.2,2405900,29500000,153300,1840900,1969437138,3086,125300000,1900000,27463,1623978168,63265749876,794123000,7722
Entertainment,Entertainment,703,United States,732,110,Jul,12067,529.2,2384700,28647800,149019,1788500,1969437138,3120,111400000,600000,9177,1623978168,32509933817,595977000,15683
Entertainment,Entertainment,2005,United States,2055,52,Jun,6023,264.6,630519,7601400,39407,472889,984718569,1219,61100000,400000,6287,811989084,20381294344,157647735,285902
Entertainment,Entertainment,546,United States,567,82,Mar,10073,441,1476500,17778500,92309,1107400,1641197615,2376,103500000,500000,4163,1353315140,77665852535,369146000,7430
Entertainment,Entertainment,359,United States,373,52,May,6053,264.6,456800,5500000,28600,342600,984718569,1484,54300000,0,1556,811989084,24844297667,114209000,1900
Entertainment,Entertainment,788,United States,792,84,Nov,8036,352.8,413400,4992600,25882,310100,1312958092,1203,122300000,0,22430,1082652112,55560258589,103370000,14941
Entertainment,Entertainment,420,United States,433,32,Oct,6035,264.6,3316900,40203200,209200,2512700,984718569,1960,47100000,1900000,8208,811989084,25808849193,836388000,2953
Entertainment,Entertainment,599,United States,624,80,Sep,10080,441,4708100,56429500,294200,3506000,1641197615,2603,90400000,1300000,2324,1353315140,45126636381,1176833000,10377
Entertainment,Entertainment,121,Vietnam,1,22,Nov,2019,28.5,337900,4100000,21100,253400,96462106,490,17900000,100000,602,35332140,9867515979,84467000,455
Entertainment,Film,13,India,46,1,Mar,2011,28.1,739900,8900000,46200,554900,1366417754,187,28200000,500000,3009,471031528,7600740993,184966000,721
Entertainment,Film,41,India,113,12,Oct,2013,28.1,150600,1800000,9400,112900,1366417754,823,13700000,100000,975,471031528,1973638757,37648000,5047
Entertainment,Film,4,Russia,1,16,Dec,2006,81.9,1200000,14700000,76600,919600,144373535,47,47500000,700000,3322,107683889,30788679536,306540000,35
Entertainment,Film,45,United Kingdom,31,2,Sep,2014,60,111800,1300000,7000,83900,66834405,923,12800000,0,233,55908316,3632438963,27957000,2184
Entertainment,Film,39,United States,156,7,Feb,2017,88.2,1800,21600,112,1300,328239523,738,14500000,0,453,270663028,4577292740,449576,1565
Entertainment,Film,4024,United States,6143,10,May,2011,88.2,0.25,3,0.02,0.19,328239523,399,20100000,30,1,270663028,5634695322,63,4054962
Entertainment,Film,34,United States,146,14,Oct,2010,88.2,109500,1300000,6800,82100,328239523,637,15500000,0,417,270663028,6396049701,27375000,956
Entertainment,Games,35,Argentina,9,15,Apr,2013,90,110200,1300000,6900,82600,44938712,487,17900000,100000,1344,41339571,5168721499,27545000,1294
Entertainment,Games,12,Argentina,3,17,Feb,2015,90,762700,9200000,47700,572000,44938712,154,31200000,1900000,3027,41339571,6187804950,190679000,997
Entertainment,Games,60,India,114,29,Apr,2015,28.1,716900,8600000,44800,537700,1366417754,845,13500000,400000,1793,471031528,3912334359,179232000,1954
Entertainment,Games,41,Indonesia,21,28,Jan,2015,36.3,38500,461700,2400,28900,270203917,592,16100000,0,2805,151509724,1517638132,9619000,6986
Entertainment,Games,49,Spain,13,15,Feb,2012,88.9,55400,665200,3500,41600,47076781,698,14900000,100000,8420,37927409,4977284539,13857000,1377
Entertainment,Games,28,United States,108,3,Nov,2013,88.2,886800,10600000,55400,665100,328239523,392,20100000,200000,3774,270663028,23353115850,221702000,86
Entertainment,Music,27,Barbados,1,6,Nov,2005,65.4,731700,8800000,45700,548800,287025,70,41900000,100000,84,89431,22477745835,182926000,98
Entertainment,Music,142,India,118,27,Dec,2010,28.1,101300,1200000,6300,76000,1366417754,879,13200000,0,8019,471031528,3789736218,25321000,2063
Entertainment,Music,136,India,111,14,Feb,2011,28.1,133900,1600000,8400,100500,1366417754,807,13900000,100000,15075,471031528,5217553897,33484000,1275
Entertainment,Music,4739,India,4755,46,Jan,6031,84.3,2214700.03,27000000.34,140600,1686000.02,4099253262,1337,68700000,1000000,15854,1413094584,35845322578,562471007,4040139
Entertainment,Music,82,India,60,23,Mar,2014,28.1,372700,4500000,23300,279500,1366417754,298,23000000,100000,5718,471031528,10939966484,93183000,382
Entertainment,Music,125,India,101,1,Nov,2011,28.1,423900,5100000,26500,317900,1366417754,657,15200000,200000,9862,471031528,7564652648,105978000,728
Entertainment,Music,116,India,93,13,Oct,2011,28.1,605900,7300000,37900,454400,1366417754,579,16300000,300000,1444,471031528,7141825267,151477000,804
Entertainment,Music,137,Jordan,3,18,Jan,2012,34.4,350600,4200000,21900,262900,10101694,804,13900000,100000,2254,9213048,9106781518,87639000,526
Entertainment,Music,52,Jordan,1,24,Nov,2008,34.4,465700,5600000,29100,349300,10101694,166,30200000,100000,3254,9213048,27684955537,116434000,51
Entertainment,Music,4085,Mexico,2973,7,Apr,2008,40.2,19,227,1,14,126014024,325,21900000,0,116,102626859,20657571751,4719,1277277
Entertainment,Music,5766,Spain,4228,2,May,2006,88.9,0.02,0.19,0,0.01,47076781,590,16200000,0,10,37927409,4488680903,4,4048675
Entertainment,Music,5631,Spain,4093,26,Sep,2005,88.9,0.41,5,0.03,0.31,47076781,450,18700000,1,16,37927409,12295637162,102,3188353
Entertainment,Music,76,United Kingdom,10,25,Jul,2009,60,21800,261100,1400,16300,66834405,263,24100000,0,1252,55908316,6002166932,5439000,1053
Entertainment,Music,7857,United Kingdom,6187,49,Mar,4021,120,7,94,0.48,6,133668810,1256,33200000,130,286,111816632,15188808949,1951,6599608
Entertainment,Music,15,United States,11,6,Apr,2015,88.2,448400,5400000,28000,336300,328239523,37,56400000,100000,436,270663028,14696003229,112100000,233
Entertainment,Music,147,United States,173,4,Jan,2015,88.2,679900,8200000,42500,509900,328239523,938,12700000,100000,142,270663028,13174393401,169968000,279
Entertainment,News,24,India,123,8,May,2006,28.1,234100,2800000,14600,175600,1366417754,961,12500000,100000,151136,471031528,4935793409,58527000,1395
Entertainment,News,7,Philippines,4,8,Aug,2009,35.5,569300,6800000,35600,427000,108116615,350,21200000,200000,31989,50975903,11364908616,142317000,359
Entertainment,News,11,Thailand,8,5,Feb,2014,49.3,944000,11300000,59000,708000,69625582,517,17400000,200000,118448,35294600,13043561912,235993000,286
Entertainment,People,48,Brazil,44,30,Aug,2015,51.3,272200,3300000,17000,204200,212559417,802,14000000,100000,1307,183241641,5094050461,68058000,1327
Entertainment,People,10,Mexico,11,9,Jun,2014,40.2,187400,2200000,11700,140600,126014024,278,23600000,200000,226,102626859,2135644776,46862000,4529
Entertainment,People,52,Ukraine,4,21,Mar,2016,82.7,300600,3600000,18800,225500,44385155,844,13500000,100000,1403,30835699,8265920659,75162000,620
Entertainment,People,7724,United States,7850,56,Jun,4030,176.4,180400.99,2200012,11300.06,135300.74,656479046,1753,26400000,100001,3199,541326056,6359835535,45095248,4052790
Entertainment,Tech,2,India,48,10,Sep,2017,28.1,408900,4900000,25600,306700,1366417754,200,27300000,100000,1259,471031528,7705492350,102235000,707
Film & Animation,Comedy,35,United States,161,15,Feb,2009,88.2,18400,220700,1100,13800,328239523,805,13900000,0,183,270663028,2244318380,4598000,4234
Film & Animation,Education,6,Russia,2,31,May,2011,81.9,1200000,14600000,75900,911300,144373535,65,43200000,300000,1478,107683889,36458726976,303780000,26
Film & Animation,Education,11,United Kingdom,5,9,Oct,2013,60,979700,11800000,61200,734800,66834405,151,31400000,300000,3589,55908316,22919271731,244925000,91
Film & Animation,Entertainment,207,Brazil,44,16,Apr,4027,102.6,289600,3500000,18100,217300,425118834,833,40200000,100000,2782,366483282,11620697940,72406000,2796
Film & Animation,Entertainment,154,Brazil,43,18,Oct,2014,51.3,76100,913400,4800,57100,212559417,772,14200000,0,1281,183241641,4040297006,19029000,1877
Film & Animation,Entertainment,276,India,196,7,Jul,4023,56.2,380700,4600000,23800,285500,2732835508,1386,32400000,200000,2688,942063056,17398962134,165441000,1182
Film & Animation,Entertainment,139,India,97,23,Mar,2012,28.1,205300,2500000,12800,153900,1366417754,618,15700000,0,16874,471031528,9787697838,51315000,463
Film & Animation,Entertainment,111,India,78,8,Nov,2017,28.1,422800,5100000,26400,317100,1366417754,436,19000000,200000,1525,471031528,8281724393,105706000,618
Film & Animation,Entertainment,125,India,87,5,Sep,2016,28.1,3400,40200,209,2500,1366417754,521,17300000,0,287,471031528,902225615,837850,13315
Film & Animation,Entertainment,123,Malaysia,1,9,Nov,2009,45.1,470900,5700000,29400,353200,32447385,504,17700000,200000,1716,24475766,9059696049,117727000,531
Film & Animation,Entertainment,104,United States,109,1,Feb,2007,88.2,59400,713400,3700,44600,328239523,396,20100000,100000,1481,270663028,11317309935,14862000,366
Film & Animation,Entertainment,194,United States,206,11,Jun,4030,176.4,9939800,119500000,622200,7454800,656479046,740,41500000,7200000,515,541326056,12361099419,2488946000,2276
Film & Animation,Entertainment,51,United States,59,27,Sep,2012,88.2,170200,2000000,10600,127600,328239523,199,27300000,200000,5438,270663028,22440611155,42546000,100
Film & Animation,Film,9,Brazil,8,30,Aug,2006,51.3,1600000,19400000,100900,1200000,212559417,121,33800000,200000,66,183241641,27274550757,403508000,54
Film & Animation,Film,24,Brazil,19,2,Dec,2014,51.3,158000,1900000,9900,118500,212559417,376,20400000,100000,206,183241641,1796227417,39495000,5673
Film & Animation,Film,27,Brazil,22,30,Jul,2012,51.3,307600,3700000,19200,230700,212559417,437,19000000,100000,1154,183241641,13824277846,76903000,260
Film & Animation,Film,43,Brazil,49,6,May,2014,51.3,109400,1300000,6800,82000,212559417,894,13100000,100000,1365,183241641,4214172991,27340000,1770
Film & Animation,Film,8,India,32,24,Jan,2013,28.1,719600,8600000,45000,539700,1366417754,119,34000000,600000,240,471031528,11351015824,179903000,360
Film & Animation,Film,15,India,50,22,Jul,2015,28.1,398700,4800000,24900,299000,1366417754,211,26400000,400000,3622,471031528,8595760553,99677000,588
Film & Animation,Film,17,India,53,25,Mar,2014,28.1,379400,4600000,23700,284600,1366417754,254,24300000,300000,1667,471031528,6608773195,94853000,903
Film & Animation,Film,20,India,56,10,Oct,2020,28.1,1500000,17600000,91800,1100000,1366417754,284,23400000,900000,6672,471031528,9465863821,367347000,493
Film & Animation,Film,23,India,64,12,Sep,2015,28.1,195000,2300000,12200,146200,1366417754,312,22500000,200000,3377,471031528,2431154438,48740000,3793
Film & Animation,Film,31,Mexico,23,7,Sep,2017,40.2,449600,5400000,28100,337200,126014024,606,16000000,200000,344,102626859,5997599089,112393000,1048
Film & Animation,Film,19,United Kingdom,12,28,Jul,2014,60,214400,2600000,13400,160800,66834405,281,23600000,100000,1251,55908316,7920637200,53589000,668
Film & Animation,Film,35,United States,152,29,Apr,4017,176.4,561700,6700000,35100,421200,656479046,647,75300000,200000,49554,541326056,72432786353,140406000,296
Film & Animation,Games,7423,United States,7670,5,Mar,2006,88.2,0.05,0.58,0,0.04,328239523,2,170000000,0,1,270663028,0,12,4055159
Film & Animation,Music,107,Argentina,10,18,Oct,2013,90,2600000,30700000,160000,1900000,44938712,505,17700000,600000,1316,41339571,17247584185,640030000,162
Film & Animation,Music,16,India,15,7,Jun,2006,28.1,2000000,24600000,128000,1500000,1366417754,38,54600000,500000,3707,471031528,35302243691,512093000,28
Film & Animation,Music,43,United States,38,8,Feb,2008,88.2,463200,5600000,28900,347400,328239523,124,33600000,200000,188,270663028,13013567335,115792000,288
Film & Animation,People,4978,United States,5208,9,Nov,2021,88.2,83,994,5,62,328239523,495,17800000,2960,26,270663028,8588704539,20708,3976090
Gaming,Entertainment,40,Brazil,9,12,Feb,2012,51.3,178000,2100000,11100,133500,212559417,139,32100000,0,11882,183241641,13061739758,44505000,287
Gaming,Entertainment,163,Canada,12,8,May,2015,68.9,21500,258600,1300,16200,36991981,874,13300000,100000,1749,30628482,6412313570,5387000,949
Gaming,Entertainment,119,France,1,9,Jan,2011,65.6,192400,2300000,12000,144300,67059887,474,18100000,100000,1521,54123364,9983065083,48099000,443
Gaming,Entertainment,4,Japan,1,29,Apr,2010,63.2,156700,1900000,9800,117600,126226568,8,111000000,0,4716,115782416,29058044447,39184000,44
Gaming,Entertainment,7,Kuwait,1,28,Jul,2016,54.4,631600,7600000,39500,473700,4207083,159,30500000,1300000,641,4207083,4521573939,157908000,1573
Gaming,Entertainment,145,Spain,12,12,Feb,2013,88.9,23900,286600,1500,17900,47076781,668,15100000,0,2997,37927409,4236036141,5972000,1760
Gaming,Entertainment,141,United Arab Emirates,6,18,Jul,2018,36.8,320700,3800000,20000,240500,9770529,640,15400000,200000,379,8479744,11513738907,80172000,349
Gaming,Entertainment,136,United Kingdom,23,26,Jan,2011,60,111200,1300000,7000,83400,66834405,585,16200000,100000,1294,55908316,4076692623,27808000,1856
Gaming,Entertainment,135,United Kingdom,22,26,Jul,2012,60,12300,147800,770,9200,66834405,581,16300000,0,652,55908316,4768370464,3079000,1455
Gaming,Entertainment,170,United Kingdom,32,10,Jun,2014,60,235400,2800000,14700,176500,66834405,944,12600000,100000,825,55908316,3303595310,58838000,2491
Gaming,Entertainment,1794,United States,1832,24,Jan,4019,176.4,843910,10101300,52707,632983,656479046,1096,46100000,200000,4056,541326056,25886827679,210982596,186514
Gaming,Entertainment,423,United States,445,35,Jul,8042,352.8,1627600,19522600,101600,1220700,1312958092,2262,70100000,800000,11172,1082652112,26760207894,406877000,3992
Gaming,Entertainment,162,United States,166,7,May,2007,88.2,755800,9100000,47200,566800,328239523,870,13300000,200000,4613,270663028,7773543609,188948000,689
Gaming,Film,37,United States,151,2,Apr,2008,88.2,118900,1400000,7400,89200,328239523,684,15000000,100000,5198,270663028,6889304306,29724000,857
Gaming,Games,43,Argentina,12,8,Sep,2014,90,256300,3100000,16000,192300,44938712,610,15900000,200000,4906,41339571,6534326412,64085000,919
Gaming,Games,25,Australia,3,4,Jan,2015,113.1,104300,1300000,6500,78200,25766605,374,20500000,0,1323,21844756,8768697257,26082000,565
Gaming,Games,50,Australia,7,19,Mar,2013,113.1,84300,1000000,5300,63200,25766605,707,14800000,0,3834,21844756,5269059435,21072000,1253
Gaming,Games,57,Brazil,46,30,Aug,2012,51.3,426900,5100000,26700,320200,212559417,803,13900000,100000,5494,183241641,5673347763,106718000,1140
Gaming,Games,49,Brazil,37,13,Jul,2011,51.3,159100,1900000,9900,119300,212559417,702,14900000,100000,4175,183241641,5956193599,39775000,1066
Gaming,Games,67,Brazil,53,13,May,2015,51.3,14500,173700,905,10900,212559417,941,12700000,0,504,183241641,1081285962,3619000,10642
Gaming,Games,28,Brazil,20,7,Oct,2011,51.3,21700,260200,1400,16300,212559417,394,20100000,0,4974,183241641,8920141342,5420000,549
Gaming,Games,61,Canada,11,24,Aug,2008,68.9,130200,1600000,8100,97700,36991981,840,13500000,0,4312,30628482,4301581610,32557000,1716
Gaming,Games,17,Canada,5,15,Sep,2011,68.9,219800,2600000,13700,164800,36991981,223,25800000,0,1762,30628482,15541421838,54947000,206
Gaming,Games,36,Chile,3,1,Feb,2014,88.5,400900,4800000,25100,300600,18952038,510,17600000,500000,4702,16610135,6306204566,100215000,973
Gaming,Games,2,Chile,1,19,May,2013,88.5,265600,3200000,16600,199200,18952038,45,48100000,200000,2052,16610135,14631710289,66388000,237
Gaming,Games,3,El Salvador,1,2,May,2011,29.4,135400,1600000,8500,101500,6453553,53,46100000,200000,543,4694702,10323391593,33842000,419
Gaming,Games,64,Finland,1,28,Apr,2017,88.2,81500,977700,5100,61100,5520314,877,13200000,0,172,4716888,2036408398,20369000,4846
Gaming,Games,46,India,101,16,Nov,2017,28.1,23700,284200,1500,17800,1366417754,649,15300000,0,1397,471031528,1640078055,5920000,6356
Gaming,Games,52,India,107,1,Sep,2017,28.1,55600,666800,3500,41700,1366417754,754,14400000,100000,3086,471031528,2224121890,13891000,4292
Gaming,Games,61,Indonesia,29,19,Jul,2019,36.3,53700,644900,3400,40300,270203917,839,13500000,0,319,151509724,1181292450,13436000,9540
Gaming,Games,27,Indonesia,11,15,Mar,2014,36.3,258000,3100000,16100,193500,270203917,391,20200000,200000,3713,151509724,6098644584,64489000,1023
Gaming,Games,122,Mexico,61,35,Jan,4030,80.4,213800,2525700,13300,160300,252028048,1730,26700000,200000,2409,205253718,5322601880,53444000,9712
Gaming,Games,42,Mexico,23,25,May,2015,40.2,18800,225500,1200,14100,126014024,604,16000000,0,687,102626859,3029872908,4698000,2844
Gaming,Games,58,Netherlands,4,2,Jul,2017,85,220500,2600000,13800,165400,17332850,817,13800000,200000,1952,15924729,2480957682,55122000,3690
Gaming,Games,32,Russia,5,27,Apr,2008,81.9,153100,1800000,9600,114800,144373535,457,18500000,100000,374,107683889,3457618361,38282000,2356
Gaming,Games,47,Russia,10,24,Jun,2013,81.9,382400,4600000,23900,286800,144373535,671,15100000,100000,3733,107683889,6668507856,95603000,894
Gaming,Games,56,Russia,12,26,Oct,2013,81.9,602300,7200000,37600,451700,144373535,796,14000000,200000,2210,107683889,7719743112,150570000,703
Gaming,Games,63,Saudi Arabia,7,20,Aug,2013,68,282800,3400000,17700,212100,34268528,873,13300000,200000,1640,28807838,4129249415,70712000,1818
Gaming,Games,31,Saudi Arabia,3,29,Nov,2013,68,172000,2100000,10800,129000,34268528,455,18600000,500000,6289,28807838,8761255550,43007000,566
Gaming,Games,65,South Korea,15,7,Jul,2020,94.3,4300000,51900000,270300,3200000,51709098,906,13000000,1000000,510,42106719,8739174649,1081000000,553
Gaming,Games,38,Spain,9,9,Aug,2009,88.9,61600,739500,3900,46200,47076781,529,17200000,0,7550,37927409,5024088947,15405000,1359
Gaming,Games,94,Spain,24,32,Jan,4026,177.8,365000,4400000,22900,273800,94153562,1315,31600000,200000,3934,75854818,8526914053,91266000,5522
Gaming,Games,4,Spain,1,13,Jul,2015,88.9,1100000,12700000,66000,792300,47076781,82,39100000,800000,1876,37927409,16118181673,264108000,188
Gaming,Games,68,Spain,19,16,Jun,2012,88.9,96100,1200000,6000,72100,47076781,978,12400000,100000,1024,37927409,2840137980,24022000,3116
Gaming,Games,10,Spain,2,2,Mar,2008,88.9,156400,1900000,9800,117300,47076781,120,33800000,0,7606,37927409,15432929204,39094000,211
Gaming,Games,68,Spain,19,29,Oct,2012,88.9,330600,4000000,20700,247900,47076781,980,12400000,100000,12419,37927409,6933660906,82648000,847
Gaming,Games,69,Sweden,4,9,May,2012,67,15500,185800,968,11600,10285453,994,12300000,100000,39,9021165,374123483,3871000,35112
Gaming,Games,36,Thailand,7,12,Mar,2014,49.3,220500,2600000,13800,165400,69625582,506,17600000,0,3151,35294600,9269174070,55127000,511
Gaming,Games,55,United Kingdom,27,24,Dec,2015,60,217200,2600000,13600,162900,66834405,775,14200000,200000,342,55908316,2084791147,54291000,4696
Gaming,Games,16,United Kingdom,7,14,Jul,2012,60,314700,3800000,19700,236000,66834405,198,27400000,500000,3664,55908316,19417887510,78668000,132
Gaming,Games,67,United Kingdom,38,33,May,4027,120,1166700,14000000,73100,878000,133668810,959,38500000,600000,8390,111816632,19129461592,292664000,1892
Gaming,Games,39,United States,135,27,Apr,2009,88.2,420500,5000000,26300,315300,328239523,550,16700000,200000,1693,270663028,7102965621,105114000,814
Gaming,Games,37,United States,129,13,Aug,2012,88.2,1800000,21100000,110000,1300000,328239523,516,17400000,400000,4411,270663028,17763586483,439870000,152
Gaming,Games,48,United States,151,16,Dec,2005,88.2,167200,2000000,10400,125400,328239523,683,15000000,100000,20292,270663028,4741434420,41789000,1469
Gaming,Games,60,United States,192,17,Feb,4023,176.4,280600,3400000,17600,210500,656479046,827,46700000,200000,1478,541326056,10089766351,70155000,3791
Gaming,Games,30,United States,113,31,Jan,2013,88.2,89200,1100000,5600,66900,328239523,419,19600000,0,674,270663028,3961318438,22292000,1934
Gaming,Games,45,United States,147,14,Jul,2016,88.2,221500,2700000,13800,166100,328239523,641,15400000,100000,1647,270663028,1543608082,55369000,6793
Gaming,Games,7497,United States,7831,26,Mar,4025,176.4,561000.09,6700001,35100.01,420800.07,656479046,883,37900000,800000,1341,541326056,4407027469,140261023,3864649
Gaming,Games,92,United States,291,74,May,6032,264.6,1104800,13205700,69000,828700,984718569,1285,70900000,200000,10941,811989084,48713954292,276224000,1879
Gaming,Games,103,United States,338,66,Nov,6026,264.6,796700,9555000,49800,597500,984718569,1449,59500000,200000,13242,811989084,22429086049,199156000,4889
Gaming,Games,40,United States,138,28,Oct,2013,88.2,71800,861300,4500,53800,328239523,580,16300000,200000,989,270663028,1656452554,17944000,6274
Gaming,Games,37,United States,129,19,Sep,2006,88.2,393400,4700000,24600,295000,328239523,515,17500000,0,156215,270663028,16107116549,98342000,189
Gaming,People,49,Brazil,45,15,Dec,2012,51.3,40800,490100,2600,30600,212559417,793,14000000,0,5757,183241641,4959982720,10210000,1392
Gaming,People,7518,Chile,2889,26,Jul,2016,88.5,0.2,2,0.01,0.15,18952038,340,21500000,4,17,16610135,8409641722,49,4038708
Gaming,People,5359,Cuba,99,11,Mar,2006,41.4,0.38,5,0.02,0.28,11333483,51,46300000,10,1,8739135,22936630813,94,4053056
Gaming,People,40,United States,142,1,May,2016,88.2,659600,7900000,41200,494700,328239523,612,15900000,200000,796,270663028,9052367553,164895000,530
Howto & Style,Entertainment,154,Netherlands,2,23,Jun,2008,85,143700,1700000,9000,107800,17332850,774,14200000,0,876,15924729,1778318927,35934000,5764
Howto & Style,Entertainment,156,Sweden,3,24,Sep,2014,67,54800,658000,3400,41100,10285453,794,14000000,0,431,9021165,2214167846,13709000,4325
Howto & Style,Entertainment,6781,United Kingdom,4797,27,Jul,2020,60,0,0.05,0,0,66834405,17,80100000,0,1,55908316,26236790209,1,4057901
Howto & Style,Entertainment,171,United States,175,28,Feb,2014,88.2,445000,5300000,27800,333800,328239523,956,12500000,200000,1076,270663028,2983799729,111252000,2892
Howto & Style,Entertainment,145,United States,150,6,Jan,2010,88.2,47800,573900,3000,35900,328239523,667,15100000,0,2618,270663028,2761547758,11956000,3241
Howto & Style,Entertainment,134,United States,138,27,Sep,2011,88.2,72100,865300,4500,54100,328239523,566,16400000,0,1091,270663028,3955426159,18028000,1938
Howto & Style,Howto,7,Australia,2,17,Aug,2011,113.1,93100,1100000,5800,69800,25766605,248,24700000,0,412,21844756,2994726412,23263000,2897
Howto & Style,Howto,17,Australia,6,8,Dec,2011,113.1,62100,745200,3900,46600,25766605,523,17300000,0,582,21844756,3684816159,15525000,2146
Howto & Style,Howto,26,Brazil,41,30,Oct,2017,51.3,11400,136200,709,8500,212559417,740,14500000,0,5430,183241641,3551889957,2838000,2269
Howto & Style,Howto,16,China,1,22,Aug,2017,50.6,89400,1100000,5600,67100,1397715000,508,17600000,100000,128,842933962,2977741577,22354000,2917
Howto & Style,Howto,22,Egypt,1,8,Dec,2017,35.2,131700,1600000,8200,98700,100388073,638,15500000,100000,5183,42895824,4499826716,32916000,1597
Howto & Style,Howto,9,India,66,25,Apr,2018,28.1,778400,9300000,48700,583800,1366417754,335,21600000,400000,219,471031528,5863377051,194604000,1082
Howto & Style,Howto,67,India,237,12,Aug,4025,56.2,212800,2600000,13300,159600,2732835508,1811,26100000,200000,2887,942063056,5254428034,53203000,7014
Howto & Style,Howto,30,India,115,10,Mar,2012,28.1,118800,1400000,7400,89100,1366417754,841,13500000,0,591,471031528,3445794123,29706000,2364
Howto & Style,Howto,32,India,117,7,Oct,2014,28.1,172500,2100000,10800,129400,1366417754,872,13300000,0,1489,471031528,2831275503,43118000,3123
Howto & Style,Howto,111,Mexico,15,23,Jan,2018,40.2,493400,5900000,30800,370000,126014024,435,19000000,200000,903,102626859,7229175322,123338000,786
Howto & Style,Howto,4,Mexico,4,1,Jun,2017,40.2,125800,1500000,7900,94400,126014024,143,31800000,0,6734,102626859,6762424690,31455000,884
Howto & Style,Howto,6,Mexico,9,20,Sep,2009,40.2,1300,16100,84,1000,126014024,244,24800000,0,672,102626859,2588501115,336291,3505
Howto & Style,Howto,25,Ukraine,3,12,Oct,2015,82.7,188500,2300000,11800,141400,44385155,708,14800000,0,2387,30835699,7018015062,47117000,828
Howto & Style,Howto,27,United States,157,8,Apr,2010,88.2,106700,1300000,6700,80000,328239523,762,14400000,0,1248,270663028,4597228794,26683000,1552
Howto & Style,Howto,31,United States,166,16,Dec,2006,88.2,58000,695900,3600,43500,328239523,855,13400000,0,1349,270663028,2319515787,14498000,4039
Howto & Style,Howto,20,United States,142,14,Feb,2006,88.2,8000,96300,502,6000,328239523,609,15900000,0,433,270663028,2609358468,2006000,3474
Howto & Style,Howto,21,United States,202,40,Jan,4034,176.4,178800,2160600,11200,134100,656479046,717,41800000,0,9790,541326056,10875175815,44703000,2447
Howto & Style,Howto,36,United States,173,1,Jun,2017,88.2,175500,2100000,11000,131600,328239523,939,12700000,100000,812,270663028,4733873025,43868000,1472
Howto & Style,Howto,12,United States,108,30,Oct,2017,88.2,423100,5100000,26400,317400,328239523,398,20100000,100000,5491,270663028,6119294270,105784000,1014
Howto & Style,Howto,38,United States,245,21,Sep,4025,176.4,397500,4764100,24834,298200,656479046,1120,37300000,200000,2887,541326056,12314752776,99387000,5709
Howto & Style,Music,131,Mexico,27,24,Jun,2014,40.2,202700,2400000,12700,152000,126014024,734,14600000,100000,603,102626859,2750902766,50677000,3248
Howto & Style,People,62,India,123,25,Sep,2016,28.1,5600,66900,349,4200,1366417754,953,12500000,0,1810,471031528,1002219689,1395000,11667
Howto & Style,Tech,8,Brazil,26,24,Jul,2006,51.3,219100,2600000,13700,164300,212559417,478,18000000,100000,2470,183241641,3980991248,54766000,1922
Movies,Film,11,India,45,23,Feb,2012,28.1,909400,10900000,56800,682100,1366417754,183,28400000,500000,5436,471031528,10062770060,227355000,432
Movies,Film,22,India,61,17,May,2011,28.1,0,0,0,0,1366417754,299,22900000,300000,1670,471031528,5320485069,118846000,1248
Music,Education,44,Spain,17,26,Mar,2013,88.9,216000,2600000,13500,162000,47076781,925,12800000,100000,323,37927409,6662288136,53988000,896
Music,Entertainment,149,Brazil,39,27,May,2014,51.3,163900,2000000,10200,122900,212559417,725,14700000,100000,3978,183241641,4684983333,40975000,1501
Music,Entertainment,64,Canada,6,25,Jan,2007,68.9,196000,2400000,12300,147000,36991981,240,25100000,0,24837,30628482,16357064198,49009000,180
Music,Entertainment,6335,France,3726,20,Nov,2006,65.6,3,37,0.2,2,67059887,598,16100000,4,41,54123364,7126210721,780,4006012
Music,Entertainment,36,India,34,24,Mar,2006,28.1,1100000,13100000,68100,816800,1366417754,125,33500000,500000,3741,471031528,14864294792,272255000,222
Music,Entertainment,60,Indonesia,5,23,Sep,2013,36.3,920700,11000000,57500,690500,270203917,222,25900000,600000,65286,151509724,11372071889,230183000,358
Music,Entertainment,171,Mexico,33,27,Nov,2008,40.2,463500,5600000,29000,347600,126014024,962,12500000,100000,377,102626859,7489455451,115881000,743
Music,Entertainment,67,South Korea,6,31,Jan,2011,94.3,422300,5100000,26400,316700,51709098,251,24500000,0,18950,42106719,23962070944,105567000,79
Music,Entertainment,172,United Kingdom,34,6,Dec,2007,60,139000,1700000,8700,104300,66834405,983,12400000,0,4422,55908316,12607488647,34758000,306
Music,Entertainment,135,United Kingdom,22,14,Sep,2012,60,343100,4100000,21400,257300,66834405,577,16300000,0,230,55908316,10170264839,85778000,428
Music,Entertainment,171,United States,175,17,Jan,2012,88.2,197600,2400000,12400,148200,328239523,990,12400000,100000,99,270663028,6993406259,49412000,833
Music,Entertainment,148,United States,153,9,Jun,2006,88.2,244800,2900000,15300,183600,328239523,704,14800000,0,1210,270663028,13356517783,61205000,276
Music,Film,40,Mexico,29,2,Aug,2011,40.2,282500,3400000,17700,211900,126014024,798,14000000,0,62,102626859,9660950823,70626000,477
Music,Film,5270,Thailand,4026,12,May,2006,49.3,0.09,1,0.01,0.07,69625582,62,43700000,0,8,35294600,12884264778,22,4056116
Music,Film,1473,United States,1944,7,Nov,2020,88.2,1900,22700,118,1400,328239523,937,12700000,1000,119,270663028,9927699419,472367,270216
Music,Film,30,Vietnam,2,14,Jan,2014,28.5,1000000,12300000,64200,770200,96462106,586,16200000,200000,3943,35332140,9763592867,256733000,462
Music,Music,85,Argentina,6,8,Aug,2016,90,289000,3500000,18100,216700,44938712,315,22400000,0,58,41339571,8040036209,72242000,648
Music,Music,48,Argentina,3,8,Jun,4024,180,3600000,43900000,228500,2706200,89877424,138,94100000,1000000,2164,82679142,84389984923,913899000,71
Music,Music,61,Australia,1,1,Jan,2013,113.1,509800,6100000,31900,382300,25766605,192,27800000,0,292,21844756,21037851468,127441000,111
Music,Music,271,Brazil,86,16,Apr,4025,102.6,924400,11100000,57800,693300,425118834,1588,28100000,0,413,366483282,16115454483,231094000,1888
Music,Music,161,Brazil,46,24,Aug,4028,102.6,6939500,83800000,436200,5229600,425118834,816,53500000,200000,4249,366483282,36336534623,1744865000,442
Music,Music,120,Brazil,33,18,Jan,2010,51.3,545600,6500000,34100,409200,212559417,611,15900000,100000,5105,183241641,9198986881,136388000,516
Music,Music,130,Brazil,38,29,Jul,2008,51.3,352500,4200000,22000,264400,212559417,710,14800000,0,318,183241641,9076642765,88120000,529
Music,Music,406,Brazil,133,52,Jun,6030,153.9,1029000,12400000,64300,771800,637678251,2373,42200000,0,1284,549724923,27103465531,257263000,2559
Music,Music,7,Brazil,1,21,Mar,2012,51.3,0,0,0,0,212559417,24,66500000,0,2572,183241641,36775585925,447223000,25
Music,Music,208,Brazil,49,11,Nov,4021,102.6,1149900,13800000,71900,862500,425118834,932,37100000,100000,554,366483282,21254636539,287487000,1027
Music,Music,251,Brazil,78,51,Sep,4018,102.6,854800,10300000,53400,641100,425118834,1422,31000000,200000,1582,366483282,19598909648,6361700000,45384
Music,Music,45,Canada,3,25,Feb,2011,68.9,1500000,17900000,93500,1100000,36991981,135,32600000,200000,169,30628482,23379969006,373828000,85
Music,Music,61,Canada,5,34,Jan,4018,137.8,1060300,12800000,66300,795200,73983962,191,101600000,100000,382,61256964,43439320579,265075000,333
Music,Music,182,Colombia,11,26,Feb,4018,110.6,1430400,17200000,89400,1072800,100678886,968,47500000,200000,7497,81654604,34794992264,357598000,419
Music,Music,182,Colombia,12,36,Jul,4019,110.6,934900,11200000,58500,701200,100678886,806,43600000,300000,751,81654604,22580064995,233726000,1068
Music,Music,46,Colombia,3,14,Mar,2013,55.3,1900000,22400000,116400,1400000,50339443,137,32100000,300000,134,40827302,18699145555,465647000,140
Music,Music,215,Colombia,16,38,Sep,4026,110.6,1445100,17700000,92600,1111200,100678886,1125,38200000,300000,384,81654604,35570671750,370414000,338
Music,Music,143,France,3,18,Mar,2015,65.6,121900,1500000,7600,91400,67059887,904,13000000,100000,409,54123364,1698279553,30471000,6059
Music,Music,188,India,151,21,Apr,4023,56.2,1344300,16431800,85700,1027600,2732835508,1076,47900000,500000,21909,942063056,27783787724,342553000,1393
Music,Music,6233,India,6189,84,Aug,12081,168.6,5639400.04,67100000.48,349900,4154600.03,8198506524,2450,168100000,1200000,36062,2826189168,88842751763,1399636010,4055788
Music,Music,143,India,119,27,Dec,2010,28.1,137800,1700000,8600,103300,1366417754,891,13100000,100000,1262,471031528,4712624489,34438000,1484
Music,Music,242,India,194,26,Jul,4031,56.2,690400,8300000,43200,517700,2732835508,1240,31400000,300000,19782,942063056,12540635378,172586000,1973
Music,Music,8,India,8,11,Jun,2010,28.1,1000000,12200000,63700,764900,1366417754,26,65600000,400000,8502,471031528,28648024439,254961000,47
Music,Music,177,India,145,56,Mar,8044,112.4,12881800,155200000,808200,9711300,5465671016,812,388600000,3500000,40204,1884126112,308724947893,3232070000,1145
Music,Music,225,India,178,45,May,6034,84.3,2211000,26400000,137600,1683200,4099253262,1034,95400000,800000,6620,1413094584,42569409117,550373000,3440
Music,Music,141,India,110,43,Nov,4023,56.2,995000,12000000,62200,746300,2732835508,626,59100000,200000,19914,942063056,38767120482,248769000,388
Music,Music,408,India,327,131,Oct,10075,140.5,2272500,27200000,142000,1704400,6832088770,2019,142300000,1400000,25219,2355157640,68035088234,568124000,6912
Music,Music,93,India,72,29,Sep,4025,56.2,2200000,27000000,140800,1690000,2732835508,328,80300000,1000000,4338,942063056,38136515747,563331000,551
Music,Music,110,Iraq,1,27,Sep,2013,16.2,452000,5400000,28300,339000,39309783,518,17400000,0,2133,27783368,11144195464,113003000,371
Music,Music,83,Jordan,2,1,Nov,2012,34.4,676200,8100000,42300,507200,10101694,301,22900000,300000,1159,9213048,16298342829,169056000,181
Music,Music,132,Morocco,1,22,Dec,2012,35.9,150300,1800000,9400,112700,36910560,750,14500000,0,176,22975026,4315486422,37577000,1710
Music,Music,54,Netherlands,1,12,Jul,2007,85,400200,4800000,25000,300100,17332850,168,30100000,100000,11501,15924729,19607009165,100040000,127
Music,Music,134,Philippines,8,13,Jul,2014,35.5,250600,3000000,15700,188000,108116615,771,14200000,0,1823,50975903,6048517979,62658000,1036
Music,Music,5659,Samoa,81,27,May,2006,7.6,2,18,0.09,1,202506,900,13100000,3,12,35588,6637820731,379,3967392
Music,Music,122,Saudi Arabia,4,26,Jul,2010,68,363700,4400000,22700,272700,34268528,631,15500000,200000,220,28807838,6386271870,90914000,954
Music,Music,109,South Korea,12,22,Aug,2011,94.3,44400,532700,2800,33300,51709098,511,17600000,0,326,42106719,3802280098,11099000,2056
Music,Music,4,South Korea,2,17,Dec,2012,94.3,673200,8100000,42100,504900,51709098,18,75600000,400000,2281,42106719,20826993957,168290000,112
Music,Music,64,South Korea,4,25,Jan,2008,94.3,1200000,14800000,76900,922900,51709098,196,27400000,200000,1753,42106719,19883150017,307631000,124
Music,Music,5,South Korea,3,4,Jun,2008,94.3,2400000,28700000,149500,1800000,51709098,21,71300000,900000,1337,42106719,28634566938,598173000,46
Music,Music,231,South Korea,23,14,Oct,4015,188.6,423200,5100000,26400,317400,103418196,1148,33200000,0,907,84213438,18561202266,105795000,1073
Music,Music,283,Spain,33,44,Dec,4025,177.8,846900,10184000,52900,635200,94153562,1731,26700000,100000,888,75854818,13203479184,211742000,2142
Music,Music,92,Sweden,1,28,Oct,2009,67,324900,3900000,20300,243700,10285453,372,20600000,0,156,9021165,10292874715,81236000,421
Music,Music,101,Thailand,5,15,Jan,2014,49.3,674400,8100000,42100,505800,69625582,454,18600000,100000,6287,35294600,20196704276,168597000,121
Music,Music,227,Thailand,17,17,Mar,4019,98.6,547700,6600000,34200,410800,139251164,1107,33800000,200000,4884,70589200,26108468698,136931000,585
Music,Music,81,Thailand,4,8,Nov,2010,49.3,520900,6300000,32600,390700,69625582,291,23100000,0,15462,35294600,25579831081,130233000,68
Music,Music,76,Turkey,2,23,Jan,2014,23.9,1700000,20400000,106200,1300000,83429615,260,24100000,200000,23491,63097818,56106087508,424815000,14
Music,Music,53,United Kingdom,6,4,Apr,2008,60,548400,6600000,34300,411300,66834405,164,30200000,100000,15,55908316,14199108016,137099000,248
Music,Music,62,United Kingdom,4,22,Aug,4017,120,1033500,12400000,64600,775200,133668810,168,86900000,100000,1714,111816632,40898405814,258374000,441
Music,Music,227,United Kingdom,44,29,Dec,4016,120,345700,4200000,21600,259300,133668810,1172,35300000,100000,1080,111816632,17686168489,86443000,1505
Music,Music,186,United Kingdom,32,16,Feb,4018,120,921800,11000000,57600,691300,133668810,766,40800000,200000,243,111816632,27302403983,230457000,559
Music,Music,218,United Kingdom,40,32,Jan,4017,120,942200,11300000,58900,706600,133668810,1181,37900000,100000,616,111816632,24300841274,235556000,1001
Music,Music,112,United Kingdom,21,7,Jul,2008,60,375100,4500000,23400,281300,66834405,533,17000000,100000,1015,55908316,10847948832,93768000,385
Music,Music,117,United Kingdom,22,30,Nov,2011,60,154400,1900000,9700,115800,66834405,576,16300000,0,278,55908316,7520242626,38604000,740
Music,Music,127,United Kingdom,25,15,Oct,2009,60,339000,4100000,21200,254300,66834405,676,15100000,100000,52,55908316,12413869881,84750000,309
Music,Music,416,United States,471,33,Apr,8033,352.8,738200,8863900,46133,553600,1312958092,2014,76500000,100000,2310,1082652112,33698244242,184535000,24363
Music,Music,234,United States,251,42,Aug,6037,264.6,1340600,16100000,83800,1005500,984718569,956,72700000,300000,214,811989084,33649476060,335172000,1500
Music,Music,348,United States,371,54,Dec,8035,352.8,2183800,26300000,136500,1637800,1312958092,1513,89700000,400000,2662,1082652112,68464662519,545938000,785
Music,Music,295,United States,333,44,Feb,8040,352.8,2217100,27100000,141100,1693500,1312958092,1509,134300000,600000,707,1082652112,58721473287,564499000,1416
Music,Music,381,United States,441,93,Jan,8042,352.8,1046900,12600000,65500,785100,1312958092,1908,100600000,200000,847,1082652112,41820537695,261716000,3381
Music,Music,4393,United States,5803,71,Jul,8034,352.8,3152000.4,38100005,198400.02,2336800.3,1312958092,1913,73100000,500000,6880,1082652112,57608932386,793492099,2596612
Music,Music,3797,United States,4265,100,Jun,14079,617.4,1854025,22146905,115891,1390519,2297676661,2573,194200000,410100,2954,1894641196,96989674579,463507348,564941
Music,Music,35,United States,31,9,Mar,2006,88.2,611300,7300000,38200,458500,328239523,99,36600000,0,171,270663028,22553923546,152825000,96
Music,Music,1383,United States,1545,217,May,28130,1234.8,7452500,89351100,465800,5590000,4595353322,6914,294100000,1400000,7287,3789282392,212046295932,1863320000,9953
Music,Music,740,United States,837,84,Nov,14046,617.4,2158000,26000000,135000,1618600,2297676661,3703,133500000,200000,7894,1894641196,83420081622,539501000,3965
Music,Music,414,United States,470,83,Oct,8030,352.8,1309000,15700000,81800,981900,1312958092,2106,78500000,100000,5503,1082652112,53099303440,327252000,1771
Music,Music,2771,United States,3025,163,Sep,28126,1234.8,7920550,94301800,491309,5910413,4595353322,5152,365500000,1700000,8417,3789282392,219772627546,1965150623,569272
Music,People,7658,Argentina,3624,31,Oct,2015,90,0.06,0.72,0,0.05,44938712,175,29300000,0,14,41339571,21226945136,15,4051498
Music,People,7629,Australia,3671,4,Nov,2015,113.1,0.59,7,0.04,0.44,25766605,786,14100000,1,3,21844756,5129529846,147,4032620
nan,Education,40,India,114,5,Jun,2022,28.1,81100,972700,5100,60800,1366417754,853,13400000,300000,256,471031528,20563378,20264000,342460
nan,Education,47,India,124,29,Sep,2012,28.1,1100000,13100000,68400,821000,1366417754,972,12400000,600000,218,471031528,1971226335,273670000,5034
nan,Education,15,United States,77,31,May,2019,88.2,1300000,15800000,82100,985500,328239523,257,24100000,100000,36,270663028,329774870,328503000,40117
nan,Entertainment,70,United States,76,1,Feb,2019,88.2,267500,3200000,16700,200700,328239523,262,24100000,200000,590,270663028,11041261296,66884000,379
nan,Entertainment,5395,United States,6266,30,Jan,2006,88.2,0.06,0.77,0,0.05,328239523,19,75000000,0,3,270663028,0,16,3898122
nan,Entertainment,85,United States,92,47,Jul,4037,176.4,2876400,35100000,182800,2232300,656479046,307,64100000,400000,1290,541326056,55487615354,731169000,117
nan,Entertainment,115,United States,118,19,Jun,2019,88.2,173600,2100000,10800,130200,328239523,453,18600000,200000,457,270663028,7008250496,43396000,830
nan,Entertainment,171,United States,175,30,Mar,2022,88.2,0,0,0,0,328239523,958,12500000,500000,322,270663028,4163639093,565459000,1794
nan,Entertainment,137,United States,141,24,May,2019,88.2,128000,1500000,8000,96000,328239523,594,16100000,100000,510,270663028,7399296005,32011000,759
nan,Entertainment,753,United States,776,66,Nov,14125,617.4,2413100,28800000,150800,1809900,2297676661,3536,145100000,1200000,3661,1894641196,67492521561,603271000,4951
nan,Entertainment,87,United States,93,11,Oct,2018,88.2,735500,8800000,46000,551600,328239523,320,22000000,200000,515,270663028,8594440895,183871000,591
nan,Film,46,United States,175,21,Oct,2019,88.2,0,0,0,0,328239523,951,12500000,0,61,270663028,161254021,757789000,81750
nan,Games,66,India,120,29,Jul,2020,28.1,205200,2500000,12800,153900,1366417754,931,12700000,500000,782,471031528,1159290255,51291000,9683
nan,Games,11,Turkey,1,12,Dec,2012,23.9,5900000,70200000,365900,4400000,83429615,133,32700000,2100000,2738,63097818,19180039918,1463000000,137
nan,Games,1202,United Kingdom,867,11,Sep,2006,60,268,3200,17,201,66834405,993,12300000,1000,2452,55908316,2214684303,67035,129005
nan,Games,65,United States,169,12,Jun,2016,88.2,227600,2700000,14200,170700,328239523,889,13100000,100000,289,270663028,2733682792,56894000,3275
nan,Howto,14,India,75,2,Mar,2021,28.1,148700,1800000,9300,111500,1366417754,425,19300000,300000,335,471031528,264228052,37167000,48846
nan,Music,132,United States,156,16,Jan,2018,88.2,597000,7200000,37300,447700,328239523,743,14500000,400000,605,270663028,4821183481,149241000,1423
nan,People,55,Indonesia,30,25,Sep,2013,36.3,1100000,12700000,66100,792900,270203917,880,13200000,800000,1324,151509724,4205664894,264308000,1786
nan,People,7638,Pakistan,3926,11,Aug,2021,9,2,28,0.15,2,216565318,908,13000000,8,22,79927762,301547793,590,4035874
nan,People,36,Philippines,5,1,Jun,2018,35.5,60300,723800,3800,45200,108116615,554,16600000,100000,180,50975903,1318442641,15079000,8338
nan,People,51,Philippines,9,19,Oct,2017,35.5,48400,580200,3000,36300,108116615,833,13600000,100000,273,50975903,896891351,12088000,13437
nan,People,3244,Singapore,1203,3,Dec,2019,84.8,3800,45100,235,2800,5703569,620,15700000,800,150,5703569,6153495609,939647,731590
nan,People,56,South Korea,20,28,Nov,4029,188.6,13600000,163400000,850900,10200000,103418196,993,35400000,3200000,3534,84213438,26594323476,3506803000,887
nan,People,9,United Arab Emirates,3,1,Apr,2019,36.8,604800,7300000,37800,453600,9770529,256,24200000,200000,469,8479744,15724160183,151208000,203
nan,People,14,United Arab Emirates,4,19,Dec,2020,36.8,6400000,76700000,399600,4800000,9770529,333,21700000,3400000,15126,8479744,8507818877,1598000000,608
nan,People,60,United States,173,2,Dec,2019,88.2,64500,773600,4000,48400,328239523,942,12700000,0,600,270663028,6001189018,16117000,1052
nan,People,46,United States,152,24,Mar,2021,88.2,4800000,57800000,300800,3600000,328239523,713,14800000,1700000,2222,270663028,15788208522,1203000000,195
nan,People,50,United States,161,12,Oct,2018,88.2,457000,5500000,28600,342800,328239523,811,13900000,200000,504,270663028,8451754769,114261000,600
nan,Sports,8,Sweden,2,21,Nov,2020,67,1900000,23000000,119600,1400000,10285453,599,16100000,3000000,667,9021165,7155736006,478528000,792
nan,Tech,13,India,107,1,Jun,2021,28.1,92100,1100000,5800,69100,1366417754,739,14500000,100000,514,471031528,1739129375,23034000,5926
News & Politics,Entertainment,6756,Bangladesh,3776,10,Feb,2021,20.6,0,0.05,0,0,167310838,809,13900000,0,6,60987417,12129583055,1,4056658
News & Politics,Entertainment,2940,Mexico,2063,2,Jan,2014,40.2,62,742,4,46,126014024,338,21500000,0,158,102626859,15013096899,15459,1936958
News & Politics,Entertainment,5,United States,32,1,Jan,1970,88.2,84400,1000000,5300,63300,328239523,102,36300000,300000,744,270663028,3010784935,21103000,2860
News & Politics,Music,105,United States,124,30,Mar,2013,88.2,443100,5300000,27700,332300,328239523,481,18000000,0,237,270663028,10463166404,110776000,406
News & Politics,News,1996,India,2613,69,Aug,6033,84.3,3000004,36100048,188000.25,2272503,4099253262,827,108100000,1100000,557236,1413094584,48948870348,751995998,1145832
News & Politics,News,16,India,101,19,Jan,2008,28.1,198600,2400000,12400,149000,1366417754,660,15200000,100000,91704,471031528,6624168155,49662000,900
News & Politics,News,8,India,74,5,Jul,2017,28.1,128400,1500000,8000,96300,1366417754,421,19400000,100000,4750,471031528,2255542592,32111000,4178
News & Politics,News,4,India,41,19,Jun,2007,28.1,1800000,22200000,115400,1400000,1366417754,158,30500000,600000,180092,471031528,16709857823,461472000,168
News & Politics,News,6,India,52,23,Mar,2015,28.1,1100000,13100000,68500,821800,1366417754,238,25200000,300000,51129,471031528,10409352249,273920000,408
News & Politics,News,37,India,272,73,Oct,6027,84.3,2580700,30600000,159800,1935500,4099253262,1685,49900000,1500000,315682,1413094584,18091719392,639276000,3925
News & Politics,News,13,India,92,22,Sep,2009,28.1,524800,6300000,32800,393600,1366417754,564,16500000,300000,21243,471031528,7043235131,131202000,821
News & Politics,News,17,Indonesia,25,23,Aug,2013,36.3,452300,5400000,28300,339200,270203917,690,15000000,100000,269050,151509724,11827310821,113064000,331
News & Politics,News,21,Pakistan,6,10,Jan,2007,9,400200,4800000,25000,300200,216565318,819,13800000,100000,190093,79927762,5727888539,100053000,1127
News & Politics,News,5,Philippines,3,20,Apr,2016,35.5,652500,7800000,40800,489400,108116615,209,26500000,300000,10022,50975903,15065753455,163130000,219
News & Politics,News,39,Philippines,17,51,Oct,4016,71,1188400,14200000,74300,891300,216233230,1532,28500000,200000,505792,101951806,20059182162,297103000,890
News & Politics,News,14,Thailand,10,27,Sep,2010,49.3,899000,10800000,56200,674300,69625582,587,16200000,100000,244899,35294600,14563841315,224756000,238
News & Politics,News,112,Ukraine,24,5,Feb,2006,82.7,1500000,17800000,92700,1100000,44385155,503,17700000,230000,211620,30835699,8396875537,370779000,880
News & Politics,News,19,United Kingdom,26,8,Apr,2006,60,265100,3200000,16600,198800,66834405,742,14500000,100000,18972,55908316,4598387043,66273000,1548
News & Politics,News,18,United States,154,7,Aug,2006,88.2,742800,8900000,46400,557100,328239523,724,14700000,100000,80830,270663028,12961669452,185709000,289
News & Politics,News,1555,United States,2251,16,Nov,2013,88.2,65,779,4,49,328239523,409,19800000,0,9930,270663028,12293479945,16229,1291541
News & Politics,News,16,United States,148,2,Oct,2005,88.2,748000,9000000,46800,561000,328239523,659,15200000,100000,160405,270663028,14198154095,187006000,247
Nonprofits & Activism,Nonprofit,2,Brazil,29,10,Apr,2016,51.3,598200,7200000,37400,448600,212559417,543,16900000,400000,4891,183241641,3523578665,149543000,2307
Nonprofits & Activism,Nonprofit,1,United States,25,23,Jun,2009,88.2,182600,2200000,11400,136900,328239523,85,38600000,100000,200933,270663028,7339333120,45638000,768
People & Blogs,Animals,3,United States,159,22,Aug,2014,88.2,5500000,65500000,340900,4100000,328239523,799,14000000,1100000,41117,270663028,18917687143,1364000000,136
People & Blogs,Comedy,34,India,111,14,Jul,2015,28.1,534300,6400000,33400,400800,1366417754,800,14000000,100000,9652,471031528,13542939513,133584000,268
People & Blogs,Comedy,26,Indonesia,22,18,Jan,2017,36.3,287500,3400000,18000,215600,270203917,616,15800000,100000,542,151509724,4122634467,71870000,1816
People & Blogs,Comedy,22,United States,114,22,Sep,2005,88.2,10900,131100,683,8200,328239523,428,19200000,0,570,270663028,4329121104,2730000,1705
People & Blogs,Comedy,2270,Venezuela,522,16,Dec,2018,79.3,14,172,0.9,11,28515829,152,31200000,100,65,25162368,9673649438,3589,3361188
People & Blogs,Education,32,Mexico,24,13,Jan,2017,40.2,360000,4300000,22500,270000,126014024,629,15500000,100000,598,102626859,8984089026,90012000,538
People & Blogs,Education,41,United States,166,26,Nov,2011,88.2,647600,7800000,40500,485700,328239523,868,13300000,100000,2742,270663028,9088562002,161889000,524
People & Blogs,Education,18,United States,87,9,Sep,2015,88.2,620900,7500000,38800,465600,328239523,304,22700000,300000,985,270663028,10115316784,155215000,438
People & Blogs,Entertainment,137,Brazil,32,21,Jul,2017,51.3,55200,662500,3500,41400,212559417,595,16100000,0,723,183241641,2687443643,13802000,3338
People & Blogs,Entertainment,150,Brazil,40,21,Nov,2015,51.3,42200,506300,2600,31600,212559417,729,14600000,0,951,183241641,4622581344,10547000,1534
People & Blogs,Entertainment,30,Brazil,7,6,Sep,2015,51.3,1000000,12100000,62900,754300,212559417,97,37000000,300000,744,183241641,24188861917,251449000,75
People & Blogs,Entertainment,145,Egypt,2,31,Oct,2014,35.2,184200,2200000,11500,138200,100388073,670,15100000,100000,753,42895824,5324913850,46060000,1242
People & Blogs,Entertainment,82,India,63,26,Feb,2016,28.1,3900000,47100000,245600,2900000,1366417754,306,22600000,600000,60964,471031528,20847038152,982238000,109
People & Blogs,Entertainment,159,India,113,22,Jul,2014,28.1,111500,1300000,7000,83600,1366417754,827,13700000,0,340,471031528,4963275018,27882000,1387
People & Blogs,Entertainment,62,Indonesia,6,27,Dec,2015,36.3,233900,2800000,14600,175500,270203917,231,25400000,100000,3716,151509724,6430853035,58487000,942
People & Blogs,Entertainment,34,Indonesia,2,15,Jan,2016,36.3,628400,7500000,39300,471300,270203917,130,33300000,1900000,2736,151509724,5994136760,157101000,1043
People & Blogs,Entertainment,117,Indonesia,14,8,Jul,2017,36.3,68300,819000,4300,51200,270203917,466,18300000,0,786,151509724,1606834186,17063000,6502
People & Blogs,Entertainment,94,Indonesia,8,4,Jun,2016,36.3,107900,1300000,6700,80900,270203917,352,21100000,100000,2325,151509724,4526271677,26974000,1583
People & Blogs,Entertainment,122,Indonesia,17,27,Oct,2016,36.3,192700,2300000,12000,144500,270203917,500,17700000,100000,739,151509724,3647267655,48174000,2169
People & Blogs,Entertainment,156,Mexico,29,30,Dec,2014,40.2,107100,1300000,6700,80300,126014024,795,14000000,100000,651,102626859,4674164601,26783000,1504
People & Blogs,Entertainment,145,Philippines,7,27,Apr,2008,35.5,49500,594000,3100,37100,108116615,665,15100000,0,533,50975903,1760131384,12376000,5849
People & Blogs,Entertainment,16,Philippines,1,16,Jul,2008,35.5,706500,8500000,44200,529900,108116615,61,44200000,300000,193890,50975903,50292540392,176629000,16
People & Blogs,Entertainment,275,Russia,17,20,Oct,4029,163.8,459300,5500000,28700,344400,288747070,1307,32200000,100000,983,215367778,9338206370,114804000,4021
People & Blogs,Entertainment,83,Saudi Arabia,1,11,Dec,2010,68,295300,3500000,18500,221500,34268528,309,22600000,100000,1189,28807838,17507060680,73829000,156
People & Blogs,Entertainment,76,United Kingdom,13,17,Nov,2014,60,238500,2900000,14900,178900,66834405,283,23500000,0,1044,55908316,14696994366,59629000,235
People & Blogs,Entertainment,74,United Kingdom,11,22,Sep,2014,60,131300,1600000,8200,98400,66834405,275,23700000,0,1099,55908316,15510153803,32817000,208
People & Blogs,Entertainment,54,United States,61,24,Apr,2016,88.2,1100000,13300000,69000,828600,328239523,206,26700000,1200000,241,270663028,4388047013,276187000,1632
People & Blogs,Entertainment,307,United States,324,56,Dec,6044,264.6,1835600,21994600,114700,1377500,984718569,1219,60600000,1100000,3608,811989084,22517219368,459170000,2395
People & Blogs,Entertainment,153,United States,158,8,Jul,2014,88.2,1700,19900,103,1200,328239523,769,14300000,100000,576,270663028,4776507159,413774,1452
People & Blogs,Entertainment,53,United States,61,24,May,4030,176.4,3603400,43500000,226900,2727500,656479046,204,139400000,400000,1753,541326056,103583461029,907518000,423
People & Blogs,Film,35,India,100,15,Oct,2017,28.1,261500,3100000,16300,196100,1366417754,652,15200000,1300000,194,471031528,857725714,65380000,13929
People & Blogs,Film,16,United States,70,31,Mar,2015,88.2,561300,6700000,35100,421000,328239523,235,25200000,300000,2025,270663028,11081602368,140319000,375
People & Blogs,Games,65,Ecuador,2,16,Jul,2016,44.9,251600,3000000,15700,188700,17373662,897,13100000,300000,1444,11116711,2879263916,62909000,3044
People & Blogs,Games,4443,Germany,2600,31,Jan,2015,70.2,152,1800,9,114,83132799,712,14800000,3580,34,64324835,272678287,37883,3968552
People & Blogs,Games,69,India,125,14,Sep,2018,28.1,258900,3100000,16200,194200,1366417754,992,12300000,300000,1500,471031528,1674409945,64735000,6141
People & Blogs,Games,1454,Saudi Arabia,774,24,May,2018,68,6400,76300,397,4800,34268528,86,38400000,2000,982,28807838,21528116909,1589000,150882
People & Blogs,Games,51,Spain,14,12,Dec,2013,88.9,242300,2900000,15100,181700,47076781,727,14600000,0,961,37927409,3337074920,60568000,2455
People & Blogs,Howto,15,Brazil,25,20,Jun,2017,51.3,72200,866200,4500,54100,212559417,471,18200000,0,6903,183241641,3213324455,18045000,2610
People & Blogs,Howto,3,Colombia,1,16,Oct,2005,55.3,1400000,17000000,88400,1100000,50339443,64,43500000,500000,326,40827302,27568757295,353412000,52
People & Blogs,Howto,33,India,118,4,Apr,2017,28.1,46000,551500,2900,34500,1366417754,886,13200000,0,393,471031528,1758603195,11490000,5855
People & Blogs,Howto,23,Indonesia,23,21,Nov,2018,36.3,79000,947500,4900,59200,270203917,646,15400000,0,4186,151509724,4750420071,19740000,1461
People & Blogs,Howto,28,Mexico,30,13,Mar,2019,40.2,106100,1300000,6600,79600,126014024,818,13800000,100000,520,102626859,5019136690,26519000,1361
People & Blogs,Howto,21,United States,145,13,Dec,2018,88.2,109500,1300000,6800,82100,328239523,628,15600000,0,4245,270663028,6165757696,27382000,1005
People & Blogs,Howto,34,United States,169,15,Feb,2017,88.2,242600,2900000,15200,182000,328239523,895,13100000,100000,435,270663028,4399833602,60661000,1650
People & Blogs,Howto,25,United States,153,7,Jun,2019,88.2,212700,2600000,13300,159500,328239523,714,14800000,0,3867,270663028,8866012877,53181000,554
People & Blogs,Music,4509,France,3046,3,Nov,2019,65.6,3,35,0.18,2,67059887,316,22300000,10,34,54123364,8663830163,735,3805801
People & Blogs,Music,3,South Korea,1,29,Jun,2016,94.3,2000000,23900000,124700,1500000,51709098,14,89800000,700000,543,42106719,32144597566,498930000,32
People & Blogs,Music,88,United States,96,6,Apr,2018,88.2,454200,5400000,28400,340600,328239523,337,21500000,200000,51,270663028,5890180734,113542000,1081
People & Blogs,Music,4441,United States,6042,27,Jun,4019,176.4,206600,2500000,12900,154900,656479046,903,42300000,0,260,541326056,13201884794,51645649,2162453
People & Blogs,Music,185,United States,208,34,May,4023,176.4,779400,9400000,48700,584600,656479046,774,41100000,200000,1154,541326056,19592866678,194856000,2212
People & Blogs,News,2,India,25,1,Jun,2012,28.1,1100000,12800000,66800,801200,1366417754,96,37000000,400000,301308,471031528,13102611515,267060000,280
People & Blogs,News,18,India,106,19,Nov,2018,28.1,1700000,20100000,104600,1300000,1366417754,748,14500000,700000,293516,471031528,10303519926,418474000,414
People & Blogs,News,19,Russia,10,11,Aug,2008,81.9,31,369,2,23,144373535,701,14900000,0,1,107683889,439098,7697,3609784
People & Blogs,News,23,United Arab Emirates,8,19,Sep,2006,36.8,320900,3900000,20100,240700,9770529,918,12900000,100000,169304,8479744,7520379951,80219000,737
People & Blogs,People,58,Brazil,52,19,Jan,2013,51.3,127200,1500000,7900,95400,212559417,912,12900000,100000,4712,183241641,2112274210,31796000,4602
People & Blogs,People,56,Brazil,50,6,Nov,2015,51.3,176000,2100000,11000,132000,212559417,893,13100000,100000,1077,183241641,2555801802,43990000,3545
People & Blogs,People,57,Colombia,11,3,Dec,2015,55.3,1300000,15700000,81900,982800,50339443,943,12700000,1500000,252,40827302,1714955279,327600000,5821
People & Blogs,People,76,India,190,42,Apr,4035,56.2,1981600,24100000,125400,1511200,2732835508,1255,32200000,1100000,2610,942063056,15214372980,501799000,2171
People & Blogs,People,45,India,104,17,Aug,2014,28.1,454300,5500000,28400,340700,1366417754,678,15000000,400000,899,471031528,9924103188,113572000,457
People & Blogs,People,46,India,152,45,Jul,4034,56.2,4300000,51600000,269100,3200000,2732835508,844,39000000,2500000,1463,942063056,20673987042,1076162000,972
People & Blogs,People,63,India,124,26,Nov,2018,28.1,152700,1800000,9500,114500,1366417754,982,12400000,0,459,471031528,7741764747,38165000,702
People & Blogs,People,53,India,116,9,Sep,2016,28.1,4200,50100,261,3100,1366417754,852,13400000,0,1028,471031528,2139769210,1043000,4540
People & Blogs,People,25,Indonesia,13,6,Jan,2014,36.3,789500,9500000,49300,592100,270203917,460,18500000,1600000,679,151509724,4051072188,197369000,1868
People & Blogs,People,98,Mexico,53,58,Aug,4028,80.4,105700,1268000,6600,79200,252028048,1528,29100000,0,8967,205253718,7951969401,26417000,4424
People & Blogs,People,7,Mexico,8,16,Dec,2012,40.2,122000,1500000,7600,91500,126014024,225,25700000,0,982,102626859,7466926260,30501000,746
People & Blogs,People,1,Mexico,2,16,Nov,2016,40.2,547000,6600000,34200,410200,126014024,72,41300000,400000,291,102626859,5603111948,136745000,1157
People & Blogs,People,22,Mexico,14,15,Sep,2017,40.2,9500,114300,595,7100,126014024,422,19400000,100000,85,102626859,1577859332,2382000,6674
People & Blogs,People,56,Philippines,11,18,Jul,2017,35.5,43400,520700,2700,32500,108116615,888,13100000,0,287,50975903,1401914513,10848000,7733
People & Blogs,People,42,Russia,8,1,Apr,2021,81.9,1900000,22800000,118900,1400000,144373535,650,15300000,800000,2175,107683889,9938811455,475565000,441
People & Blogs,People,50,Russia,10,28,Jan,4032,163.8,391600,4600000,24400,293600,288747070,468,124500000,200000,986,215367778,98626635911,97894000,1260
People & Blogs,People,18,Russia,3,26,Oct,2015,81.9,2200000,26500000,138100,1700000,144373535,368,20700000,1600000,889,107683889,8658941531,552266000,570
People & Blogs,People,47,South Korea,14,18,May,2016,94.3,19800,238100,1200,14900,51709098,744,14500000,0,618,42106719,5014888374,4960000,1364
People & Blogs,People,61,South Korea,17,5,Nov,2012,94.3,452500,5400000,28300,339400,51709098,946,12600000,300000,683,42106719,3485373675,113132000,2313
People & Blogs,People,2,United Arab Emirates,1,6,Nov,2017,36.8,990900,11900000,61900,743200,9770529,77,39700000,300000,1596,8479744,23884824160,247731000,81
People & Blogs,People,28,United States,193,24,Apr,4025,176.4,1432700,17200000,89600,1074600,656479046,669,43100000,800000,990,541326056,10739656621,358180000,2592
People & Blogs,People,79,United States,355,40,Aug,6044,264.6,1542700,18913400,98596,1232000,984718569,1402,56400000,600000,19343,811989084,34440391690,394395000,1723
People & Blogs,People,28,United States,125,19,Dec,2014,88.2,34600,415200,2200,26000,328239523,485,17900000,100000,536,270663028,7176572299,8650000,801
People & Blogs,People,105,United States,324,16,Feb,4027,176.4,87700,1052900,5500,65900,656479046,1606,27700000,100000,1311,541326056,4929474892,21936000,8459
People & Blogs,People,43,United States,149,12,Jan,2013,88.2,173600,2100000,10900,130200,328239523,666,15100000,200000,1037,270663028,3060202847,43409000,2796
People & Blogs,People,12,United States,94,5,Jul,2014,88.2,936900,11200000,58600,702700,328239523,323,21900000,400000,946,270663028,5918314128,234222000,1069
People & Blogs,People,52,United States,165,1,Jun,2014,88.2,1600000,19100000,99400,1200000,328239523,859,13400000,500000,319,270663028,10022557589,397715000,433
People & Blogs,People,55,United States,168,16,May,2011,88.2,477600,5700000,29800,358200,328239523,884,13200000,300000,6888,270663028,9378175604,119389000,503
People & Blogs,People,1525,United States,1968,59,Sep,6054,264.6,4758752,57004800,297209,3544014,984718569,1277,59200000,1401000,3516,811989084,49180952443,1188683911,154457
People & Blogs,Sports,4466,United States,7615,17,Jan,2006,88.2,0.01,0.14,0,0.01,328239523,860,13400000,1,96,270663028,4306212515,3,3846885
People & Blogs,Tech,4,United States,85,6,Dec,2006,88.2,53000,635800,3300,39700,328239523,292,23100000,100000,4445,270663028,2551113422,13246000,3568
Pets & Animals,Animals,1,United States,81,29,Aug,2020,88.2,3000000,36200000,188800,2300000,328239523,276,23700000,1100000,769,270663028,20289689389,755054000,118
Pets & Animals,Animals,2,United States,100,8,Sep,2014,88.2,0,0,0,0,328239523,359,20900000,100000,982,270663028,4927879069,2989000,1396
Pets & Animals,Entertainment,160,United Kingdom,29,12,Nov,2005,60,177700,2100000,11100,133200,66834405,837,13600000,100000,16047,55908316,9685060624,44414000,474
Science & Technology,Entertainment,79,United States,84,15,Mar,2016,88.2,0,0,0,0,328239523,287,23200000,100000,1,270663028,2634,6589000000,4053372
Science & Technology,Entertainment,89,United States,95,7,May,2006,88.2,183200,2200000,11500,137400,328239523,327,21800000,100000,10162,270663028,5614621131,45812000,1158
Science & Technology,Tech,14,Canada,10,20,Apr,2006,68.9,335800,4000000,21000,251800,36991981,815,13800000,100000,887,30628482,1820559912,83943000,5524
Science & Technology,Tech,11,Canada,7,25,Nov,2008,68.9,352900,4200000,22100,264700,36991981,626,15600000,100000,6542,30628482,7172386509,88224000,802
Science & Technology,Tech,6,Germany,3,6,Sep,2011,70.2,22600,271200,1400,17000,83132799,407,19800000,0,1411,64324835,3234880084,5650000,2583
Science & Technology,Tech,1,India,40,21,Jun,2012,28.1,436500,5200000,27300,327400,1366417754,144,31700000,500000,929,471031528,5711208484,109125000,1132
Science & Technology,Tech,33,India,234,19,Nov,4026,56.2,248800,2988900,15500,186600,2732835508,1746,26500000,200000,4662,942063056,3400953199,62187000,14107
Science & Technology,Tech,5,India,60,19,Oct,2015,28.1,89000,1100000,5600,66800,1366417754,296,23000000,0,5041,471031528,3378047383,22262000,2420
Science & Technology,Tech,12,United Kingdom,24,20,Apr,2011,60,670800,8000000,41900,503100,66834405,643,15400000,400000,1577,55908316,3736069980,167697000,2083
Science & Technology,Tech,9,United States,130,22,Jun,2005,88.2,185900,2200000,11600,139500,328239523,520,17300000,100000,180,270663028,1026425106,46484000,11274
Science & Technology,Tech,10,United States,131,21,Mar,2008,88.2,209300,2500000,13100,157000,328239523,525,17200000,100000,1567,270663028,3606912471,52325000,2196
Science & Technology,Tech,3,United States,74,20,Oct,2011,88.2,354500,4300000,22200,265900,328239523,250,24600000,200000,120,270663028,3647987299,88625000,2178
Shows,Comedy,5,United Kingdom,4,4,Jan,2006,60,226100,2700000,14100,169600,66834405,138,32100000,100000,3091,55908316,10602236110,56534000,400
Shows,Education,38,India,112,17,Nov,2014,28.1,314600,3800000,19700,236000,1366417754,820,13800000,100000,1505,471031528,6646953396,78651000,898
Shows,Education,27,United States,125,3,Feb,2009,88.2,410500,4900000,25700,307900,328239523,492,17900000,100000,1426,270663028,16174530046,102621000,187
Shows,Entertainment,7,India,5,4,Aug,2007,28.1,6600000,79600000,414300,5000000,1366417754,16,83000000,1100000,71270,471031528,101000000000,1657000000,4
Shows,Entertainment,9,India,9,13,Jun,2008,28.1,4800000,57000000,296900,3600000,1366417754,27,64600000,1100000,112915,471031528,61510906457,1188000000,10
Shows,Entertainment,25,India,23,9,May,2014,28.1,1700000,20000000,104000,1200000,1366417754,90,38200000,500000,24089,471031528,28519339489,415914000,49
Shows,Entertainment,2,India,2,20,Sep,2006,28.1,7300000,87500000,455900,5500000,1366417754,5,159000000,1000000,116536,471031528,148000000000,1824000000,3
Shows,Entertainment,166,Ukraine,6,17,Jul,2014,82.7,284500,3400000,17800,213400,44385155,921,12900000,200000,1255,30835699,5585085130,71118000,1164
Shows,Entertainment,106,United States,112,13,Nov,2013,88.2,1100000,13200000,68600,822600,328239523,416,19600000,300000,18661,270663028,13930021471,274212000,257
Shows,Film,33,Saudi Arabia,4,16,May,2017,68,540100,6500000,33800,405100,34268528,633,15500000,300000,1021,28807838,8265129639,135036000,619
Shows,Film,5,United States,20,17,Sep,2014,88.2,2700000,32200000,167600,2000000,328239523,68,42400000,1000000,1218,270663028,24519022988,670459000,74
Shows,Music,81,United States,85,30,Aug,2013,88.2,513800,6200000,32100,385300,328239523,294,23100000,700000,3781,270663028,13151870846,128448000,282
Sports,Entertainment,172,Brazil,55,12,Feb,2017,51.3,2200000,26500000,138100,1700000,212559417,991,12300000,700000,1200,183241641,9029609749,552513000,525
Sports,Sports,6,Australia,5,9,Sep,2009,113.1,1600000,18800000,97800,1200000,25766605,479,18000000,600000,650,21844756,9601137077,391298000,478
Sports,Sports,9,Spain,11,6,Feb,2006,88.9,339500,4100000,21200,254600,47076781,647,15300000,200000,10988,37927409,2656528205,84867000,3356
Sports,Sports,12,Spain,17,1,Nov,2010,88.9,48000,575700,3000,36000,47076781,914,12900000,100000,1572,37927409,2509752944,11993000,3645
Sports,Sports,5,Switzerland,1,6,Sep,2006,59.6,235500,2800000,14700,176600,8574832,424,19400000,100000,10728,6332428,5529131886,58863000,1186
Sports,Sports,10,United Kingdom,28,9,Apr,2011,60,40900,490600,2600,30700,66834405,791,14100000,0,777,55908316,3280481927,10222000,2530
Sports,Sports,11,United States,164,1,Feb,2011,88.2,122700,1500000,7700,92000,328239523,834,13600000,100000,412,270663028,1948925559,30677000,5133
Sports,Sports,10,United States,147,21,Mar,4015,176.4,1097600,13200000,68600,823200,656479046,597,75900000,200000,15051,541326056,23377369879,274408000,988
Sports,Sports,1,United States,6,11,May,2007,88.2,2900000,34300000,178700,2100000,328239523,12,96000000,600000,70127,270663028,77428473662,714614000,7
Sports,Sports,4,United States,103,21,Nov,2005,88.2,292100,3500000,18300,219100,328239523,369,20700000,0,47926,270663028,12624879732,73025000,304
Trailers,Entertainment,31,India,26,21,Oct,2009,28.1,0,0,0,0,1366417754,100,36600000,200000,9168,471031528,15653786446,131462000,205
Trailers,Music,28,India,20,22,Sep,2005,28.1,723800,8700000,45200,542800,1366417754,71,41400000,400000,4510,471031528,17608931161,180942000,155
Travel & Events,Entertainment,171,Mexico,33,6,Jul,2015,40.2,124000,1500000,7800,93000,126014024,957,12500000,0,766,102626859,3140883140,31007000,2691
